,Neighborhood,Neighborhood Latitude,Neighborhood Longitude,Venue,Venue Latitude,Venue Longitude,Venue Category
0,AFMC          ,18.506342,73.89050300000001,Royal Western Indian Turf Club,18.507032688189817,73.89064087616383,Racetrack
1,AFMC          ,18.506342,73.89050300000001,Race Course,18.506485139668143,73.89213375973637,Track Stadium
2,AFMC          ,18.506342,73.89050300000001,mongiri's,18.506277965718503,73.89386778710883,Cupcake Shop
3,Airport          ,18.578542000000002,73.908641,Pune Airport Arrival,18.57871751151574,73.90935547721332,Airport Service
4,Airport          ,18.578542000000002,73.908641,Relay Bookstore,18.579464,73.90868,Bookstore
5,Airport          ,18.578542000000002,73.908641,Mic Mac,18.579710543643447,73.90834803684969,Fast Food Restaurant
6,Airport          ,18.578542000000002,73.908641,Go Air Check In Counter,18.57863117424613,73.90885327595306,Airport Gate
7,Airport          ,18.578542000000002,73.908641,O2 Spa @ Pune International Airport,18.57992238947806,73.90869251819866,Spa
8,Airport          ,18.578542000000002,73.908641,Baker Street,18.57981,73.9088,Bakery
9,Airport          ,18.578542000000002,73.908641,Smoking lounge,18.58066785563443,73.9080954168067,Smoke Shop
10,Akurdi          ,18.646468,73.774262,Foodies Corner,18.647839383982145,73.77079317045967,Thai Restaurant
11,Akurdi          ,18.646468,73.774262,DTDC Couriers,18.6452284531244,73.77555142351918,Paper / Office Supplies Store
12,Akurdi          ,18.646468,73.774262,Sanjay Kale Ground,18.64631391679643,73.77131714689348,Playground
13,Akurdi          ,18.646468,73.774262,punesubji.com,18.64929482124146,73.77407312393188,Fruit & Vegetable Store
14,Akurdi          ,18.646468,73.774262,Jumboking Wadapav,18.649044807210053,73.77602253152021,Fast Food Restaurant
15,Ammunition Factory Khadki      ,18.567988,73.857668,State Bank of India ATM,18.569928,73.856792,ATM
16,Anandnagar          ,17.252763,74.175439,"Maharaj Mess (Koyna Vasahat, Karad)",17.256004669756663,74.17701961761297,Vegetarian / Vegan Restaurant
17,Armament          ,18.537086,73.795187,PASHAN CIRCLE BHAAJI MANDAI,18.53729932699879,73.79428572726806,Flea Market
18,Armament          ,18.537086,73.795187,Pashan circle sabji market,18.537706534903712,73.79510147111766,Farmers Market
19,Aundh Camp        ,18.501009,73.832877,Coffee & Bread Art Cafe,18.504055300870068,73.83086798780846,Café
20,Aundh Camp        ,18.501009,73.832877,Abhishek Veg,18.50384200573861,73.83058430995754,Vegetarian / Vegan Restaurant
21,Aundh Camp        ,18.501009,73.832877,Multi Spice,18.501569760214604,73.83458174522859,Indian Restaurant
22,Aundh Camp        ,18.501009,73.832877,Harvest Club,18.502126211742613,73.83554493185956,Indian Restaurant
23,Aundh Camp        ,18.501009,73.832877,Khidki Wada Pav,18.500377577172287,73.83183519547669,Snack Place
24,Aundh T.S.        ,18.552157,73.815439,Personna Furnishings,18.5521567,73.8154394,Furniture / Home Store
25,Aundh T.S.        ,18.552157,73.815439,"Cafe Durga, Kharadi",18.54966391445632,73.81477596929201,Coffee Shop
26,Aundh T.S.        ,18.552157,73.815439,The Oval Garden,18.549529557110993,73.81610859473633,Park
27,Aundh T.S.        ,18.552157,73.815439,Kiva Brew Pub,18.55469528675377,73.81381095907037,Bar
28,Aundh          ,18.555964000000003,73.804439,Lost The Plot,18.55441705754062,73.80480775361278,Lounge
29,Aundh          ,18.555964000000003,73.804439,Yolkshire,18.55357605468349,73.80688828707882,English Restaurant
30,Aundh          ,18.555964000000003,73.804439,Cafe Peter Donuts,18.55774038538134,73.80440120069147,Donut Shop
31,Aundh          ,18.555964000000003,73.804439,La Bouchee d'Or,18.558395340284914,73.8037872123466,Bakery
32,Aundh          ,18.555964000000003,73.804439,Melange - High Spirited Dining,18.554732470044367,73.8046899746739,Restaurant
33,Aundh          ,18.555964000000003,73.804439,Air Life Studio,18.553572828434206,73.80696545202225,Gym
34,Aundh          ,18.555964000000003,73.804439,Seasons Hotel,18.55465215489737,73.80480538162773,Hotel
35,Aundh          ,18.555964000000003,73.804439,Magnolia,18.553912690747158,73.80189240886845,Asian Restaurant
36,Aundh          ,18.555964000000003,73.804439,Cream Stone,18.553448166130234,73.80255142769138,Ice Cream Shop
37,Aundh          ,18.555964000000003,73.804439,cafe Joshua,18.55784509437005,73.80487290332563,Café
38,Aundh          ,18.555964000000003,73.804439,Croma,18.55356205401556,73.80701587886603,Electronics Store
39,Aundh          ,18.555964000000003,73.804439,Cinnamon Spice - Desi Tadka,18.555145297973432,73.80462477780765,Indian Restaurant
40,Aundh          ,18.555964000000003,73.804439,Chitale Bandhu Mithaiwale,18.55775436951706,73.80546744585911,Dessert Shop
41,Aundh          ,18.555964000000003,73.804439,Baskin-Robbins,18.553160707309527,73.8026842820838,Ice Cream Shop
42,Aundh          ,18.555964000000003,73.804439,Makkhan Maar Ke,18.554067229606947,73.8018238901343,Punjabi Restaurant
43,Aundh          ,18.555964000000003,73.804439,Anna Idli,18.55281460198554,73.80320456394246,South Indian Restaurant
44,Aundh          ,18.555964000000003,73.804439,Cafe Chokolade,18.55403715446756,73.80487595882266,Café
45,Aundh          ,18.555964000000003,73.804439,Cakes And More,18.554555756191252,73.80493609150686,Dessert Shop
46,Aundh          ,18.555964000000003,73.804439,Juice Destination,18.553555132381188,73.8069045093852,Food Court
47,Aundh          ,18.555964000000003,73.804439,Mythical East,18.55481106933223,73.80496481340077,Chinese Restaurant
48,Aundh          ,18.555964000000003,73.804439,Kiva Nea,18.55782617024372,73.80459217770263,Diner
49,Aundh          ,18.555964000000003,73.804439,Chittale Bandhu Mithaiwale,18.55778541005212,73.80545180840771,Department Store
50,Aundh          ,18.555964000000003,73.804439,Grub Shup Cafe,18.553610535302848,73.80703216565024,Sandwich Place
51,Aundh          ,18.555964000000003,73.804439,Zunj Nayan-Pattogh,18.55361916357555,73.80272449321092,Middle Eastern Restaurant
52,Bajirao Road        ,18.513567000000002,73.853342,Sujata Mastani,18.511792754341577,73.85214493967393,Ice Cream Shop
53,Bajirao Road        ,18.513567000000002,73.853342,Bhagat Tarachand,18.514332265559556,73.85131729012238,Indian Restaurant
54,Bajirao Road        ,18.513567000000002,73.853342,Raja Dinkar Kelkar museum,18.510743623888896,73.85438919067383,History Museum
55,Bajirao Road        ,18.513567000000002,73.853342,Shree Wadeshwar Bhuvan,18.510752727983352,73.85374824193698,Vegetarian / Vegan Restaurant
56,Bajirao Road        ,18.513567000000002,73.853342,P.N. GADGIL & CO.,18.51448373993062,73.85217361271135,Jewelry Store
57,Bajirao Road        ,18.513567000000002,73.853342,Shrikrishna Bhuvan,18.51349411364069,73.85507354346112,Snack Place
58,Bajirao Road        ,18.513567000000002,73.853342,Hotel Agatya,18.514450921596094,73.85427023461997,Indian Restaurant
59,Bajirao Road        ,18.513567000000002,73.853342,Chitale Bandhu Mithaiwale,18.51360263696441,73.85380148377794,Dessert Shop
60,Bajirao Road        ,18.513567000000002,73.853342,Laxmi Road,18.514273717413527,73.85184488270644,Road
61,Bajirao Road        ,18.513567000000002,73.853342,Vama,18.513961519154886,73.85239716874786,Women's Store
62,Bajirao Road        ,18.513567000000002,73.853342,Bedekar Misal,18.514925451086196,73.84986185903888,Restaurant
63,Bajirao Road        ,18.513567000000002,73.853342,Kaware Ice Cream,18.514828220471887,73.85507243193781,Ice Cream Shop
64,Bajirao Road        ,18.513567000000002,73.853342,Tulshibaug,18.514050067357854,73.8549256324768,Miscellaneous Shop
65,Bajirao Road        ,18.513567000000002,73.853342,Mahatma Phule Mandai,18.513349597939047,73.8560544693351,Fruit & Vegetable Store
66,Bajirao Road        ,18.513567000000002,73.853342,Shree Upahar Gruha,18.513084444977224,73.8523847255863,Breakfast Spot
67,Bajirao Road        ,18.513567000000002,73.853342,Manyawar,18.514439005241805,73.85338974828196,Men's Store
68,Bajirao Road        ,18.513567000000002,73.853342,Shanipar,18.51233304073676,73.85301645473669,Bus Station
69,Bajirao Road        ,18.513567000000002,73.853342,Indrayani Sugarcane Juice,18.51333882460705,73.85457853993292,Juice Bar
70,Bajirao Road        ,18.513567000000002,73.853342,Indrayani Rasawanti Gruh,18.513378150411192,73.8540616748798,Juice Bar
71,Bajirao Road        ,18.513567000000002,73.853342,Rajiv Electronics,18.512410717207064,73.85071350506227,Electronics Store
72,Bajirao Road        ,18.513567000000002,73.853342,Bapat Upahar Gruha,18.51060968410028,73.85425939642322,Breakfast Spot
73,Bajirao Road        ,18.513567000000002,73.853342,Ranka Jewellers,18.514399829181304,73.84997839326242,Jewelry Store
74,Baner Gaon        ,18.559003,73.786763,Khasbaug Misal,18.560822629857885,73.78759879964393,Breakfast Spot
75,Baner Gaon        ,18.559003,73.786763,Area 51,18.557373828658736,73.7870979309082,Lounge
76,Baner Gaon        ,18.559003,73.786763,Malaka Spice,18.55947591740865,73.7904085891615,Malay Restaurant
77,Baner Gaon        ,18.559003,73.786763,Wazwaan,18.56126861159746,73.7857538640578,Indian Restaurant
78,Baner Gaon        ,18.559003,73.786763,The Great Punjab,18.559498679890776,73.79004017896312,Indian Restaurant
79,Baner Gaon        ,18.559003,73.786763,Regalia Restaurant And Lounge,18.559474160345307,73.7902127027067,Lounge
80,Baner Gaon        ,18.559003,73.786763,Falahaar,18.561298294432703,73.78687494350538,Juice Bar
81,Baner Gaon        ,18.559003,73.786763,Kerala Cafe,18.559835,73.789212,South Indian Restaurant
82,Baner Road        ,18.537879999999998,73.804824,State Bank of India ATM,18.5408513,73.8066679,ATM
83,Baner Road        ,18.537879999999998,73.804824,NCL Jogger's Park,18.538599685046048,73.80839417768756,Park
84,Bavdhan          ,18.507098000000003,73.776404,Hotel Nivant,18.507876492225982,73.77890086237527,Indian Restaurant
85,Bhavani Peth        ,18.508673,73.870273,Laxminarayan,18.50979918049512,73.87077295678284,Snack Place
86,Bhavani Peth        ,18.508673,73.870273,Axis Bank ATM,18.506950378418,73.86905670166,ATM
87,Bhavani Peth        ,18.508673,73.870273,Timber Market,18.509267043520047,73.86814863305406,Furniture / Home Store
88,Bhavani Peth        ,18.508673,73.870273,meghdoot,18.50920206548364,73.87270241529953,Diner
89,Bhosari I.E.        ,18.622557999999998,73.829113,The Fern Residency,18.621726,73.830236,Hotel
90,Bhosarigoan          ,18.624897,73.85660899999999,Hotel Surya,18.62478170144368,73.85956908933095,Indian Restaurant
91,Bhosarigoan          ,18.624897,73.85660899999999,Sai Mauli Tyer Works,18.624792,73.860328,Auto Garage
92,Bhusari Colony        ,18.508581,73.79582099999999,McDonald's,18.50790844458206,73.79653085601878,Fast Food Restaurant
93,Bhusari Colony        ,18.508581,73.79582099999999,cafe coffe day,18.507610073887587,73.7980842590332,Café
94,Bhusari Colony        ,18.508581,73.79582099999999,Khandesh,18.508374712783354,73.79220786321342,Indian Restaurant
95,Bhusari Colony        ,18.508581,73.79582099999999,Chuulhaa,18.507997369816948,73.79707762545968,Diner
96,Bhusari Colony        ,18.508581,73.79582099999999,Hotel Krushnai,18.50792381,73.79494177309269,Indian Restaurant
97,Bhusari Colony        ,18.508581,73.79582099999999,Himalaya Chinese,18.50790728978584,73.79737060016012,Chinese Restaurant
98,Bhusari Colony        ,18.508581,73.79582099999999,Chitale Bandhu mithaiwale,18.50801602388125,73.79651935337873,Dessert Shop
99,Bhusari Colony        ,18.508581,73.79582099999999,Pushpak Restaurant & Bar,18.508080829642115,73.79209124483332,Restaurant
100,Bibvewadi          ,18.480641000000002,73.862557,Sujata Mastani,18.480990389449282,73.8651912021299,Ice Cream Shop
101,Bibvewadi          ,18.480641000000002,73.862557,Cafe Coffee Day,18.481000579367915,73.8629802780812,Café
102,Bibvewadi          ,18.480641000000002,73.862557,The Grand Malhar,18.480802449464502,73.8622337266806,Seafood Restaurant
103,Bibvewadi          ,18.480641000000002,73.862557,Pappu pan,18.480759214979404,73.8661910082023,Smoke Shop
104,Bibvewadi          ,18.480641000000002,73.862557,Krushnai Garden,18.478650539967,73.86175133811365,Indian Restaurant
105,Bibvewadi          ,18.480641000000002,73.862557,Chitale Bandhu Mithaiwale By Keyur,18.47839885620397,73.86197530438126,Snack Place
106,Bibvewadi          ,18.480641000000002,73.862557,Monginis Cake Shop,18.480774412719388,73.86555298733269,Bakery
107,Bibvewadi          ,18.480641000000002,73.862557,Lucky Bakery,18.48361647046848,73.86097606829385,Bakery
108,Bibvewadi          ,18.480641000000002,73.862557,Vekkateshwar Amruttulya,18.47732412734814,73.86191213443418,Tea Room
109,Bibvewadi          ,18.480641000000002,73.862557,Mankar,18.48077567425053,73.86615021859045,Snack Place
110,Boat Club Road,18.539517,73.878978,La Bouchee d'Or,18.53893142977607,73.87667715007233,Bakery
111,Boat Club Road,18.539517,73.878978,Suonmoi Chinese Restaurant,18.537519061853448,73.87984084727901,Chinese Restaurant
112,Boat Club Road,18.539517,73.878978,Boat Club,18.541582735239178,73.88025474503291,Bar
113,Boat Club Road,18.539517,73.878978,Mainland China,18.538874069434044,73.87539689680744,Chinese Restaurant
114,Boat Club Road,18.539517,73.878978,Courtyard by Marriott Pune City Centre,18.5388,73.8759,Hotel
115,Boat Club Road,18.539517,73.878978,Carrots N Celery,18.538004116631857,73.88160294538334,Hotel Bar
116,Boat Club Road,18.539517,73.878978,Food Story,18.53925528386031,73.87541855539207,Mughlai Restaurant
117,Boat Club Road,18.539517,73.878978,Sicilia,18.539167971671706,73.87537316362946,Italian Restaurant
118,Boat Club Road,18.539517,73.878978,Paprika Hot Rock,18.539195273607245,73.87537219139938,Mediterranean Restaurant
119,Boat Club Road,18.539517,73.878978,Soy,18.53707590325458,73.88120099467704,Chinese Restaurant
120,Boat Club Road,18.539517,73.878978,HDFC Bank,18.539328,73.878742,Bank
121,Boat Club Road,18.539517,73.878978,Fantasy Juice Bar,18.53820803923161,73.88148236025808,Juice Bar
122,Boat Club Road,18.539517,73.878978,Orra Diamond Jewellery,18.536965,73.881282,Jewelry Store
123,Boat Club Road,18.539517,73.878978,casero,18.53925564750636,73.87529222412897,Mediterranean Restaurant
124,C D A      ,18.500323,73.87816,Domino's Pizza,18.502,73.876,Pizza Place
125,C D A      ,18.500323,73.87816,Art2Day,18.502552138488177,73.87882946871976,Art Gallery
126,C D A      ,18.500323,73.87816,Jagtap Nursery,18.501793,73.880706,Garden Center
127,Chinchwad East        ,18.639625,73.795925,Natural Icecream,18.636608679665343,73.79642281585737,Ice Cream Shop
128,Chinchwad East        ,18.639625,73.795925,McDonald's,18.636638568767065,73.796581959627,Fast Food Restaurant
129,Chinchwad East        ,18.639625,73.795925,Subway,18.640832451670533,73.79558402224409,Sandwich Place
130,Chinchwad East        ,18.639625,73.795925,Hotel Sheetal Vegetarian Restaurant,18.641019328876922,73.79489466313402,Vegetarian / Vegan Restaurant
131,Chinchwad East        ,18.639625,73.795925,Pradeep Sweets,18.64099342153157,73.79370551305954,Convenience Store
132,Chinchwad East        ,18.639625,73.795925,Premier Plaza,18.636110696945348,73.79627840342022,Shopping Mall
133,Chinchwad East        ,18.639625,73.795925,Ezone,18.636648064735304,73.79611252927853,Electronics Store
134,Chinchwad East        ,18.639625,73.795925,PEOPLE,18.636633011339946,73.7964169946505,Clothing Store
135,Chinchwad East        ,18.639625,73.795925,Chinchwad ST stand,18.640920536486792,73.79294146602803,Bus Station
136,Chinchwad East        ,18.639625,73.795925,Panchshil,18.642509524560406,73.798146119344,Indian Restaurant
137,Chinchwad East        ,18.639625,73.795925,United Colors of Benetton,18.636059,73.796217,Clothing Store
138,Chinchwadgaon          ,18.629823000000002,73.782213,Hotel Arihant,18.62681250466169,73.78245132113317,Snack Place
139,Chinchwadgaon          ,18.629823000000002,73.782213,Nevale Misal,18.627925347893264,73.7808082364177,Fast Food Restaurant
140,Chinchwadgaon          ,18.629823000000002,73.782213,Chinchwad Mandai (Vegetable Market),18.629102862770594,73.78034288479253,Farmers Market
141,Chinchwadgaon          ,18.629823000000002,73.782213,De Dakka Misal,18.62877274295833,73.78558659220873,Breakfast Spot
142,Congress House Road      ,18.523303,73.853551,Sai Service Bajaj,18.52225999753082,73.85018514373338,Motorcycle Shop
143,Congress House Road      ,18.523303,73.853551,Shaniwar Wada,18.52015119740706,73.85518729036599,Historic Site
144,Congress House Road      ,18.523303,73.853551,Sudama Bar & Restaurant,18.526122884846785,73.85219938316142,Bar
145,Congress House Road      ,18.523303,73.853551,Mangala,18.52436107609438,73.85409663931077,Multiplex
146,Dapodi Bazar        ,18.624857000000002,73.798769,Croma,18.625418668232076,73.80167393314457,Electronics Store
147,Dapodi          ,18.579048999999998,73.830687,Hotel Ashok,18.579005255335822,73.82817074494245,Hotel
148,Dapodi          ,18.579048999999998,73.830687,Tangerine,18.579931604067315,73.83336067199707,Restaurant
149,Dapodi          ,18.579048999999998,73.830687,Dapodi Railway Station,18.581092713630795,73.83282309214898,Train Station
150,Deccan Gymkhana        ,18.515773,73.842652,Barbeque Nation,18.516237355048084,73.84222283288595,BBQ Joint
151,Deccan Gymkhana        ,18.515773,73.842652,Café GoodLuck,18.5173883002662,73.8414854187446,Café
152,Deccan Gymkhana        ,18.515773,73.842652,Sukanta,18.51694169413758,73.84428399256002,Vegetarian / Vegan Restaurant
153,Deccan Gymkhana        ,18.515773,73.842652,KFC,18.51636540601343,73.84271277231954,Fast Food Restaurant
154,Deccan Gymkhana        ,18.515773,73.842652,Ranade Tapri,18.518439123214733,73.84118200709439,Fast Food Restaurant
155,Deccan Gymkhana        ,18.515773,73.842652,Janaseva Bhojanalaya,18.515952515103418,73.84241580963135,Indian Restaurant
156,Deccan Gymkhana        ,18.515773,73.842652,Flavours,18.51893083023205,73.84140902977073,Sandwich Place
157,Deccan Gymkhana        ,18.515773,73.842652,The Chocolate Room,18.518450934654,73.84157442251627,Coffee Shop
158,Deccan Gymkhana        ,18.515773,73.842652,Top In Town,18.515419965563137,73.84175779790851,Restaurant
159,Deccan Gymkhana        ,18.515773,73.842652,Chitale Bandhu Mithaiwale,18.515742642741714,73.8418978810121,Dessert Shop
160,Deccan Gymkhana        ,18.515773,73.842652,Wadeshwar,18.518656145726464,73.84148287858373,Vegetarian / Vegan Restaurant
161,Deccan Gymkhana        ,18.515773,73.842652,Darshan foods,18.51402082342707,73.84097794716021,Vegetarian / Vegan Restaurant
162,Deccan Gymkhana        ,18.515773,73.842652,Domino's Pizza,18.51624192519409,73.84230837180795,Pizza Place
163,Deccan Gymkhana        ,18.515773,73.842652,Champion Sports,18.516327890618015,73.84169096663962,Sporting Goods Shop
164,Deccan Gymkhana        ,18.515773,73.842652,Deccan Gymkhana Club,18.515179330336036,73.84052753448486,Gym / Fitness Center
165,Deccan Gymkhana        ,18.515773,73.842652,Sarovar,18.515991059013285,73.84172211306785,Bar
166,Deccan Gymkhana        ,18.515773,73.842652,"Barista, FC Road",18.51909106888451,73.84147846395688,Café
167,Deccan Gymkhana        ,18.515773,73.842652,R Deccan Citypride,18.51614959766411,73.84241960930892,Multiplex
168,Deccan Gymkhana        ,18.515773,73.842652,Horn OK Please,18.5184227804663,73.84168248421332,Indian Restaurant
169,Deccan Gymkhana        ,18.515773,73.842652,City Pride,18.516198316907122,73.84258101123163,Multiplex
170,Deccan Gymkhana        ,18.515773,73.842652,Smokin' Joe's,18.51810927519603,73.84383201599121,Pizza Place
171,Deccan Gymkhana        ,18.515773,73.842652,McDonald's,18.518368987944104,73.8444406350638,Fast Food Restaurant
172,Deccan Gymkhana        ,18.515773,73.842652,Baker's Basket,18.517764707404258,73.84064122145718,Bakery
173,Deccan Gymkhana        ,18.515773,73.842652,Peppinos Sandwichs And More,18.51853911226199,73.84151513282426,Juice Bar
174,Deccan Gymkhana        ,18.515773,73.842652,ChinJab,18.518706583183608,73.84476361520987,Indian Restaurant
175,Deccan Gymkhana        ,18.515773,73.842652,PYC Club,18.517335849732056,73.83942687001877,Gym
176,Deccan Gymkhana        ,18.515773,73.842652,Deccan Bus Depot,18.516188150619808,73.84281090948586,Bus Station
177,Deccan Gymkhana        ,18.515773,73.842652,Deccan Vegetable Market,18.51488541253343,73.84177711633129,Farmers Market
178,Deccan Gymkhana        ,18.515773,73.842652,Sanskruti Restaurant,18.51563246338386,73.84623961814953,Indian Restaurant
179,Deccan Gymkhana        ,18.515773,73.842652,Appa's,18.515810086593035,73.84064555168152,Restaurant
180,Deccan Gymkhana        ,18.515773,73.842652,Allen Solly,18.518136572446526,73.84431564326071,Men's Store
181,Deccan Gymkhana        ,18.515773,73.842652,Chaat Bazar,18.518540422996466,73.84148420727603,Snack Place
182,Deccan Gymkhana        ,18.515773,73.842652,Aasing's Burger House,18.513133742349787,73.84435584591309,Burger Joint
183,Dhankawadi          ,18.45678,73.856275,Katraj Dairy,18.45428611503205,73.85820804295932,Food
184,Dhankawadi          ,18.45678,73.856275,Katraj Milk Parlour,18.45451916434044,73.85364062529196,Dessert Shop
185,Dhankawadi          ,18.45678,73.856275,Rajiv Gandhi Zoological Park,18.45436750114994,73.85897758088362,Zoo
186,Dhankawadi          ,18.45678,73.856275,Raju Tapri,18.457280191672634,73.85313131436446,Tea Room
187,Dhankawadi          ,18.45678,73.856275,chill out cafe,18.45747096961678,73.85270059041484,Café
188,Dighi Camp        ,18.572696,73.910359,Reddy's,18.571088485483436,73.91139863285915,Indian Restaurant
189,Dighi Camp        ,18.572696,73.910359,Coffee Jar,18.56964257949076,73.91064593371956,Coffee Shop
190,Dighi Camp        ,18.572696,73.910359,Sky7,18.56974443957431,73.91032230558501,Café
191,Dighi Camp        ,18.572696,73.910359,Vimanzza Cafe,18.571232,73.907346,Café
192,Donje          ,18.408752,73.76706999999999,Krushnai Water Park,18.40610526,73.76845655,Resort
193,Donje          ,18.408752,73.76706999999999,Bhawani Sweets,18.411608,73.766194,Snack Place
194,Dr.B.A. Chowk        ,18.523491,73.86954899999999,Coconut Grove,18.5256809132634,73.86698863631743,Seafood Restaurant
195,Dr.B.A. Chowk        ,18.523491,73.86954899999999,Subway,18.524498008706377,73.86868000030518,Sandwich Place
196,Dr.B.A. Chowk        ,18.523491,73.86954899999999,MURTHY'S,18.521954827810617,73.86965891554726,Bakery
197,Dr.B.A. Chowk        ,18.523491,73.86954899999999,Bawa (Baba) Tea Stall,18.52268357548617,73.86730447770131,Coffee Shop
198,East Khadki        ,18.546345000000002,73.86720799999999,State Bank of India ATM,18.5462014,73.867285,ATM
199,Fatima Nagar,18.5042,73.9014,Diamond Bakery,18.50162781614905,73.90206920358732,Breakfast Spot
200,Fatima Nagar,18.5042,73.9014,Pizza Hut,18.50559652776683,73.90111713712467,Pizza Place
201,Fatima Nagar,18.5042,73.9014,Club Palazo,18.50341685156337,73.9006295152163,Nightclub
202,Fatima Nagar,18.5042,73.9014,Reliance Mart,18.5023642256444,73.9007235115503,Shopping Mall
203,Fatima Nagar,18.5042,73.9014,Inox,18.505607179655673,73.90118842833505,Multiplex
204,Fatima Nagar,18.5042,73.9014,Cafe Coffee Day,18.502777016103554,73.90078493399986,Café
205,Fatima Nagar,18.5042,73.9014,Fatima Nagar,18.504838,73.902734,Gym
206,Fatima Nagar,18.5042,73.9014,Bagicha Corner,18.502481423029238,73.90080948423318,Dessert Shop
207,Fatima Nagar,18.5042,73.9014,Reliance Digital,18.504903779991817,73.9006519317627,Electronics Store
208,Fatima Nagar,18.5042,73.9014,"Fame, fatima nagar",18.50622122554778,73.9015673717009,Multiplex
209,Fatima Nagar,18.5042,73.9014,Big Bazaar,18.506414456813847,73.90131679340513,Department Store
210,Fatima Nagar,18.5042,73.9014,Pleasant Park,18.505758076981717,73.90307739628717,Park
211,Fatima Nagar,18.5042,73.9014,Royal Enfield - Platinum Auto Services,18.506419257505552,73.9010621137162,Motorcycle Shop
212,Fatima Nagar,18.5042,73.9014,Tandoor,18.50646383954146,73.89906403523256,Indian Restaurant
213,Film Institute        ,18.512439999999998,73.828763,Aasing's Kitchen,18.514029983480278,73.82874953293054,Burger Joint
214,Film Institute        ,18.512439999999998,73.828763,Fish Curry Rice,18.510986233786202,73.82960666625144,Seafood Restaurant
215,Film Institute        ,18.512439999999998,73.828763,Fish Curry Rice,18.51071284516824,73.82962345541556,Seafood Restaurant
216,Film Institute        ,18.512439999999998,73.828763,Kalyan Bhel,18.511857711700383,73.83007475273956,Snack Place
217,Film Institute        ,18.512439999999998,73.828763,Supreme Pav Bhaji and Pizza (Canal Road Branch),18.513946111091535,73.83078312673891,Pizza Place
218,Film Institute        ,18.512439999999998,73.828763,Wadeshwar,18.5150663518212,73.82888481601346,South Indian Restaurant
219,Film Institute        ,18.512439999999998,73.828763,National Film Archives of India (NFAI),18.515930148620026,73.8292254679222,General Entertainment
220,Film Institute        ,18.512439999999998,73.828763,Cafe Coffee Day,18.514458162950792,73.8287774035525,Café
221,Film Institute        ,18.512439999999998,73.828763,ROFL,18.514786126414336,73.82890593795487,Café
222,Film Institute        ,18.512439999999998,73.828763,The Chocolate Heaven,18.514024105849586,73.82879734219863,Dessert Shop
223,Film Institute        ,18.512439999999998,73.828763,Kollage Food Court,18.514722631657516,73.82840469968889,Snack Place
224,Film Institute        ,18.512439999999998,73.828763,Barista,18.51527071414708,73.82888927080532,Café
225,Film Institute        ,18.512439999999998,73.828763,Maggi Point,18.51504065579044,73.82874940331546,Snack Place
226,Film Institute        ,18.512439999999998,73.828763,Cafe Durga,18.513788183952563,73.82875800298262,Café
227,Film Institute        ,18.512439999999998,73.828763,Subway,18.51402753697056,73.82872729454496,Sandwich Place
228,Film Institute        ,18.512439999999998,73.828763,Film and Television Institute of India,18.512952501867602,73.82747001155941,College Academic Building
229,Film Institute        ,18.512439999999998,73.828763,Krishna Corner,18.51492374000006,73.82873215036894,Indian Restaurant
230,Film Institute        ,18.512439999999998,73.828763,Krishna Dining,18.515060666527972,73.82876808947316,Indian Restaurant
231,Ganeshkhind          ,18.559586,73.817082,Reliance Digital,18.558736736544155,73.81550788879395,Electronics Store
232,Ganeshkhind          ,18.559586,73.817082,W for Woman,18.56016,73.81508,Women's Store
233,Ganeshkhind          ,18.559586,73.817082,Bremen Circle,18.560559144318844,73.81499998885059,Bus Station
234,Ganeshkhind          ,18.559586,73.817082,Leader Stationers,18.561676105304606,73.81463885307312,Arts & Crafts Store
235,Ghorpade Peth        ,18.502343,73.868735,Aufside,18.501410117028158,73.87215673724431,Gastropub
236,Ghorpade Peth        ,18.502343,73.868735,Kalyan Bhel,18.50306885136935,73.86881086175427,Fast Food Restaurant
237,Ghorpade Peth        ,18.502343,73.868735,Kumar Pacific Mall,18.50139523130165,73.87238114152176,Shopping Mall
238,Ghorpuri Bazar        ,18.528172,73.893865,United Colors of Benetton,18.5264047,73.8916571,Clothing Store
239,Gokhalenagar          ,18.530732999999998,73.83031899999999,JW Marriott Hotel Pune,18.5324152,73.8297728,Hotel
240,Gokhalenagar          ,18.530732999999998,73.83031899999999,Spice Kitchen,18.531886864925845,73.82957091082835,Asian Restaurant
241,Gokhalenagar          ,18.530732999999998,73.83031899999999,Paasha,18.53207679304871,73.82956401247087,Lounge
242,Gokhalenagar          ,18.530732999999998,73.83031899999999,Pune Baking Company,18.531971811632015,73.82983372978156,Bakery
243,Gokhalenagar          ,18.530732999999998,73.83031899999999,Alto Vino,18.53197888529939,73.82979570889925,Italian Restaurant
244,Gokhalenagar          ,18.530732999999998,73.83031899999999,"Lobby Lounge, JW Marriott",18.531915245410474,73.82962901996032,Lounge
245,Gokhalenagar          ,18.530732999999998,73.83031899999999,Miami,18.532031656442765,73.82983294825146,Nightclub
246,Gokhalenagar          ,18.530732999999998,73.83031899999999,Shakahari,18.53186512027384,73.82956454603062,Vegetarian / Vegan Restaurant
247,Gokhalenagar          ,18.530732999999998,73.83031899999999,Mainland China,18.531659593909822,73.82975495714788,Chinese Restaurant
248,Gokhalenagar          ,18.530732999999998,73.83031899999999,PVR Cinemas ( Icon ),18.53382243569725,73.8297834433831,Multiplex
249,Gokhalenagar          ,18.530732999999998,73.83031899999999,The Pavillion,18.532861,73.829802,Shopping Mall
250,Gokhalenagar          ,18.530732999999998,73.83031899999999,Tales And Spirits,18.5307837944114,73.82872334210879,Bistro
251,Gokhalenagar          ,18.530732999999998,73.83031899999999,Tien,18.530260170328454,73.8324901968085,Deli / Bodega
252,Gokhalenagar          ,18.530732999999998,73.83031899999999,Subway,18.529155,73.830866,Sandwich Place
253,Gokhalenagar          ,18.530732999999998,73.83031899999999,cafe coffee day,18.530578864852384,73.82944584358319,Coffee Shop
254,Gokhalenagar          ,18.530732999999998,73.83031899999999,Cafe Coffee Day,18.53047280848842,73.8293580474668,Café
255,Gokhalenagar          ,18.530732999999998,73.83031899999999,Domino's Pizza,18.52929871336244,73.82996636290308,Pizza Place
256,Gokhalenagar          ,18.530732999999998,73.83031899999999,Bourn Village,18.532621090840195,73.8332820029033,Coffee Shop
257,Gokhalenagar          ,18.530732999999998,73.83031899999999,Cognizant Technology Solutions,18.531271466049308,73.82992451087625,IT Services
258,Gokhalenagar          ,18.530732999999998,73.83031899999999,eat some,18.531857549411026,73.8314446303143,Snack Place
259,Gokhalenagar          ,18.530732999999998,73.83031899999999,Good Food Kitchen,18.531715626259867,73.8313010399871,Fast Food Restaurant
260,Gokhalenagar          ,18.530732999999998,73.83031899999999,Pune Baking Company,18.533781,73.82983,Café
261,Gokhalenagar          ,18.530732999999998,73.83031899999999,Mamagoto,18.533878,73.82971,Asian Restaurant
262,Gokhalenagar          ,18.530732999999998,73.83031899999999,Famous juice centre,18.532322254149076,73.83338801255788,Juice Bar
263,Gondhale Nagar        ,18.505301,73.938921,Domino's Pizza,18.506533,73.94168,Pizza Place
264,Gondhale Nagar        ,18.505301,73.938921,Kokkita,18.502177,73.937133,Indian Restaurant
265,Gondhale Nagar        ,18.505301,73.938921,kokita,18.502137561233518,73.93720197621138,Indian Restaurant
266,Govt. Polytechnic        ,18.538307,73.832656,Coffee Stop,18.53643039728413,73.8338918928869,Coffee Shop
267,Govt. Polytechnic        ,18.538307,73.832656,NH 37,18.53853115482067,73.83423913837106,Indian Restaurant
268,Govt. Polytechnic        ,18.538307,73.832656,All Stir Fry,18.538021309078747,73.83565973310837,Asian Restaurant
269,Govt. Polytechnic        ,18.538307,73.832656,Oriental Connexions,18.538021566123753,73.83564603949314,Chinese Restaurant
270,Govt. Polytechnic        ,18.538307,73.832656,Frozen Monkey,18.537631385267822,73.83542217764648,Lounge
271,Govt. Polytechnic        ,18.538307,73.832656,Rich-O-Cream,18.538352878074058,73.83000386232472,Ice Cream Shop
272,Govt. Polytechnic        ,18.538307,73.832656,E Square,18.53761644157667,73.83531014089307,Multiplex
273,Govt. Polytechnic        ,18.538307,73.832656,Screen 3,18.538230942983983,73.83481979370117,Multiplex
274,Govt. Polytechnic        ,18.538307,73.832656,Skye Lounge,18.53606307564075,73.82985239919165,Lounge
275,Govt. Polytechnic        ,18.538307,73.832656,Tandoori Point,18.540496429304195,73.83026374035593,Fried Chicken Joint
276,Govt. Polytechnic        ,18.538307,73.832656,E-Square - Screen 1,18.5376539199446,73.83521929541331,Multiplex
277,Govt. Polytechnic        ,18.538307,73.832656,Crossword Bookstore,18.53754967482478,73.83529281222616,Bookstore
278,Govt. Polytechnic        ,18.538307,73.832656,Mast Kalandar,18.53688886674326,73.83021732125388,Indian Restaurant
279,Govt. Polytechnic        ,18.538307,73.832656,Papa John's Pizza,18.536911324904956,73.83026108391424,Pizza Place
280,Govt. Polytechnic        ,18.538307,73.832656,Screen 4,18.537880498808985,73.83535311893303,Multiplex
281,Govt. Polytechnic        ,18.538307,73.832656,The Big Cuppa,18.537639865657617,73.83509178965296,Coffee Shop
282,Govt. Polytechnic        ,18.538307,73.832656,Westside,18.537198938549288,73.83580368067571,Clothing Store
283,Govt. Polytechnic        ,18.538307,73.832656,Deep Restaurant,18.540599737829652,73.83029590477693,Indian Restaurant
284,Govt. Polytechnic        ,18.538307,73.832656,Radhika Restaurant,18.54050941608817,73.83012933902005,Indian Restaurant
285,Govt. Polytechnic        ,18.538307,73.832656,Sidewalk Cafe,18.540251085782398,73.82971005218339,Café
286,Govt. Polytechnic        ,18.538307,73.832656,Foodlink,18.536112745141214,73.82990231356918,Indian Restaurant
287,Guruwar Peth        ,18.511359,73.85762,Raja Dinkar Kelkar museum,18.510743623888896,73.85438919067383,History Museum
288,Guruwar Peth        ,18.511359,73.85762,Shrikrishna Bhuvan,18.51349411364069,73.85507354346112,Snack Place
289,Guruwar Peth        ,18.511359,73.85762,Mahatma Phule Mandai,18.513349597939047,73.8560544693351,Fruit & Vegetable Store
290,Guruwar Peth        ,18.511359,73.85762,Raviwar Peth,18.513794307853416,73.86030990808064,Neighborhood
291,H.E. Factory        ,18.556263,73.862577,Axis Bank ATM,18.55679,73.8619,ATM
292,Hadapsar          ,18.562776,73.937058,Kharadi Bypass's Chai Tapri,18.562421619672282,73.93856821239372,Tea Room
293,Hadapsar          ,18.562776,73.937058,Pune Fitness Club,18.561688648776045,73.93826034178126,Gym
294,Hadapsar          ,18.562776,73.937058,Navmi,18.562936925245243,73.93492872155375,Restaurant
295,Hadapsar          ,18.562776,73.937058,Celio,18.56345597526932,73.93368601799011,Men's Store
296,Hadpsar I.E.        ,18.510337,73.913937,Shady Tapri,18.509353,73.916093,Snack Place
297,Hadpsar I.E.        ,18.510337,73.913937,Gelato Italiano,18.50979970414843,73.91667283220316,Ice Cream Shop
298,Indrayaninagar          ,18.635848,73.849147,Sagar Kinara,18.639081954956055,73.84750366210938,Himalayan Restaurant
299,Infotech Park        ,18.586548,73.736773,Lemon Tree Hotel,18.585771417876245,73.73427830550241,Hotel
300,Infotech Park        ,18.586548,73.736773,Tamanna Executive,18.586156349513097,73.73493889939796,Motel
301,Infotech Park        ,18.586548,73.736773,Chai Tapri - I2IT / Symbiosis,18.585382449235283,73.736811876297,Snack Place
302,Infotech Park        ,18.586548,73.736773,SUBWAY,18.586529019757496,73.7366524654507,Sandwich Place
303,Infotech Park        ,18.586548,73.736773,Citrus Cafe,18.585750903381978,73.73427435048873,Café
304,Infotech Park        ,18.586548,73.736773,Kalyan Bhel,18.58691494713824,73.73623298215799,Chaat Place
305,Infotech Park        ,18.586548,73.736773,Hyatt Place,18.586346064832373,73.73623872851037,Hotel
306,Infotech Park        ,18.586548,73.736773,Eatsome,18.586628067465295,73.73675589955296,Fast Food Restaurant
307,Infotech Park        ,18.586548,73.736773,Hyatt Place Pune/Hinjawadi,18.5861605314381,73.73609940261142,Hotel
308,Infotech Park        ,18.586548,73.736773,Shree Mhatoba Snacks Center,18.586442633317382,73.73656627032491,Food Truck
309,Infotech Park        ,18.586548,73.736773,Bizz Tamanna Hotel,18.5862497902916,73.73667545081135,Hotel
310,Infotech Park        ,18.586548,73.736773,Talk About,18.586319810997377,73.73679037757523,Restaurant
311,Infotech Park        ,18.586548,73.736773,Chaichi Tapri,18.584714858417115,73.736169772271,Food Truck
312,Infotech Park        ,18.586548,73.736773,Andhra Mess,18.587956469859726,73.73828441953584,Indian Restaurant
313,Kalyani Nagar,18.546328,73.903313,Farzi Cafe,18.54362468230375,73.90510705192936,Indian Chinese Restaurant
314,Kalyani Nagar,18.546328,73.903313,Cafe Colombia,18.54928649288815,73.90328460290183,Café
315,Kalyani Nagar,18.546328,73.903313,The Bounty Sizzlers,18.54872643719599,73.90538144450932,Steakhouse
316,Kalyani Nagar,18.546328,73.903313,Marrakesh,18.548693887854366,73.90561315531282,Mediterranean Restaurant
317,Kalyani Nagar,18.546328,73.903313,The Greedy Man Pizzeria,18.543708821258804,73.90526456392331,Pizza Place
318,Kalyani Nagar,18.546328,73.903313,multiFit Elite Fitness Training,18.545825361398226,73.90664938384957,Gym / Fitness Center
319,Kalyani Nagar,18.546328,73.903313,Kalyani Veg,18.54605832665507,73.90575157958844,Indian Restaurant
320,Kalyani Nagar,18.546328,73.903313,Wādeshwar,18.548982286430597,73.90587512513854,Indian Restaurant
321,Kalyani Nagar,18.546328,73.903313,Royal Orchid Central Hotel Pune,18.54623103859955,73.90646298332614,Motel
322,Kalyani Nagar,18.546328,73.903313,Mineority,18.546186587012503,73.90406660915592,Lounge
323,Kalyani Nagar,18.546328,73.903313,Cafe Coffee Day,18.545838981130643,73.90645707638124,Coffee Shop
324,Kalyani Nagar,18.546328,73.903313,margarita Deck,18.546038796719515,73.90402474414712,Mexican Restaurant
325,Kalyani Nagar,18.546328,73.903313,Pinxx 24 hours coffee shop,18.546210647444504,73.9064505688975,Café
326,Kalyani Nagar,18.546328,73.903313,Yana Sizzlers,18.54580334730418,73.90667638024811,Chinese Restaurant
327,Kalyani Nagar,18.546328,73.903313,Eatsome,18.546001067536036,73.90550406884061,Fast Food Restaurant
328,Kalyani Nagar,18.546328,73.903313,Airtel Relationship Centre,18.547194523097236,73.90160756262077,Mobile Phone Shop
329,Kalyani Nagar,18.546328,73.903313,Subway,18.54584130779263,73.90662827902482,Sandwich Place
330,Kalyani Nagar,18.546328,73.903313,McDonald's,18.54575521507823,73.90603644383856,Fast Food Restaurant
331,Kalyani Nagar,18.546328,73.903313,Big Cinemas,18.545813944388062,73.90662498302716,Multiplex
332,Kalyani Nagar,18.546328,73.903313,Piatto Dessert Studio,18.546238,73.900734,Restaurant
333,Kalyani Nagar,18.546328,73.903313,Firangi Tadka,18.549233579388655,73.90250393962016,Vegetarian / Vegan Restaurant
334,Kalyani Nagar,18.546328,73.903313,Mughal Darbar,18.548375655814347,73.90590794319382,Afghan Restaurant
335,Kalyani Nagar,18.546328,73.903313,Bikram Yoga,18.544968857689046,73.90608018610106,Yoga Studio
336,Kalyani Nagar,18.546328,73.903313,Café Arabia,18.545837924067413,73.90659484697079,Middle Eastern Restaurant
337,Kalyani Nagar,18.546328,73.903313,Irani Cafe,18.547316,73.90032,Breakfast Spot
338,Kalyani Nagar,18.546328,73.903313,Onesta,18.545334,73.90642,Italian Restaurant
339,Kalyani Nagar,18.546328,73.903313,Imagine Apple Store,18.5459131706065,73.90672076432917,Electronics Store
340,Kalyani Nagar,18.546328,73.903313,Mahadev Super Market,18.548015023860533,73.90036164025487,Convenience Store
341,Kalyani Nagar,18.546328,73.903313,Callow,18.54812042949005,73.90039420275075,Ice Cream Shop
342,Kalyani Nagar,18.546328,73.903313,Mariplex Food Court,18.54525465796494,73.90678614377975,Food Court
343,Kapad Ganj        ,18.513965,73.85928,Purohit Sweets,18.513164520263672,73.8603744506836,Food & Drink Shop
344,Kapad Ganj        ,18.513965,73.85928,Mahatma Phule Mandai,18.513349597939047,73.8560544693351,Fruit & Vegetable Store
345,Kapad Ganj        ,18.513965,73.85928,Raviwar Peth,18.513794307853416,73.86030990808064,Neighborhood
346,Kapad Ganj        ,18.513965,73.85928,Vighneshwar Pure Veg,18.513844363693405,73.8560544693351,Vegetarian / Vegan Restaurant
347,Karvenagar          ,19.080589,72.90512199999999,Kandoi haribhai damodar mithaiwala,19.082161005164256,72.90464479145766,Dessert Shop
348,Karvenagar          ,19.080589,72.90512199999999,Pooja Malai Gola,19.080111914515822,72.90552454958744,Ice Cream Shop
349,Karvenagar          ,19.080589,72.90512199999999,Udipi Hotel,19.080081317818177,72.90410260214107,Fast Food Restaurant
350,Karvenagar          ,19.080589,72.90512199999999,Gurukrupa,19.079800421290358,72.90605520985078,Indian Restaurant
351,Karvenagar          ,19.080589,72.90512199999999,Sai Swad Dosa,19.080421342849117,72.90429817279468,Fast Food Restaurant
352,Karvenagar          ,19.080589,72.90512199999999,Achija,19.079952090683097,72.90612931649017,Vegetarian / Vegan Restaurant
353,Karvenagar          ,19.080589,72.90512199999999,Naturals,19.080181482599112,72.9082562962875,Ice Cream Shop
354,Karvenagar          ,19.080589,72.90512199999999,Hotel Pooja,19.081208576634513,72.90432592965671,Vegetarian / Vegan Restaurant
355,Karvenagar          ,19.080589,72.90512199999999,Shree Gurukripa,19.0799020307286,72.90610176156966,Indian Restaurant
356,Kasarwadi          ,18.974393,72.832963,Persian Darbar,18.976055278875254,72.8336433634414,Indian Restaurant
357,Kasarwadi          ,18.974393,72.832963,Cafe Renault,18.974985690105626,72.83375841661548,Bar
358,Kasarwadi          ,18.974393,72.832963,Gloria Restaurant,18.97548454239597,72.83388434849309,Asian Restaurant
359,Kasarwadi          ,18.974393,72.832963,King of Iran,18.975435880930686,72.83330494522305,Indian Restaurant
360,Kasarwadi          ,18.974393,72.832963,Byculla Bakery,18.97769549152264,72.83400516484106,Bakery
361,Kasba Peth        ,18.525897,73.861019,Cafe Coffee Day,18.526104129312202,73.86104498129052,Coffee Shop
362,Katraj          ,18.451583,73.859753,Katraj Dairy,18.45428611503205,73.85820804295932,Food
363,Katraj          ,18.451583,73.859753,Rajiv Gandhi Zoological Park,18.45436750114994,73.85897758088362,Zoo
364,Katraj          ,18.451583,73.859753,"Rajiv Gandhi Zoological Park And Wild Life Research  Centre, Katraj",18.4545334662235,73.85886272466816,Exhibit
365,Katraj          ,18.451583,73.859753,Katraj ST Stand,18.4482521472274,73.85854686972982,Bus Station
366,Katraj          ,18.451583,73.859753,Katraj Lake,18.448194907319266,73.85873638275369,Lake
367,Khadakwasla.          ,18.445413000000002,73.78014499999999,NPB Cafe,18.443083,73.78041,Café
368,Khadki Bazar        ,18.568054,73.85086899999999,Poona General Stores,18.566367234354402,73.84984748189946,Department Store
369,Khadki Bazar        ,18.568054,73.85086899999999,Rajesh Trading Co. Khadki,18.565225637715805,73.8507192481124,Department Store
370,Khadki Bazar        ,18.568054,73.85086899999999,Khalsa Veg,18.565708,73.84912,Punjabi Restaurant
371,Khadki Bazar        ,18.568054,73.85086899999999,Monginis Cake Shop,18.564799058224494,73.85059864402436,Bakery
372,Khadki          ,18.568395000000002,73.848334,Poona General Stores,18.566367234354402,73.84984748189946,Department Store
373,Khadki          ,18.568395000000002,73.848334,Khalsa Veg,18.565708,73.84912,Punjabi Restaurant
374,Khondhwa KH        ,18.513021,73.878765,Venky's Chicken,18.513503048807866,73.87976573679676,Fast Food Restaurant
375,Khondhwa KH        ,18.513021,73.878765,Kayani Bakery,18.51479706269301,73.87985980267678,Bakery
376,Khondhwa KH        ,18.513021,73.878765,11 East Street Cafe,18.512403447489135,73.88031499121894,Bar
377,Khondhwa KH        ,18.513021,73.878765,Thousand Oaks  / 1000 Oaks,18.510671720653598,73.87999263541404,Bar
378,Khondhwa KH        ,18.513021,73.878765,Kareem's,18.51423826998531,73.87980916072576,Indian Restaurant
379,Khondhwa KH        ,18.513021,73.878765,Marz O Rin,18.51185910691139,73.88015591898002,Café
380,Khondhwa KH        ,18.513021,73.878765,Om Jai Shankar Pani Puri,18.511730576956282,73.87641365049377,Snack Place
381,Khondhwa KH        ,18.513021,73.878765,Mughal's,18.51569010232164,73.87961173532855,Indian Restaurant
382,Khondhwa KH        ,18.513021,73.878765,JJ Garden Wada Pav,18.516492359111737,73.87883521094803,Food Truck
383,Khondhwa KH        ,18.513021,73.878765,Kohinoor restaurant,18.511418935387645,73.87873567895245,Breakfast Spot
384,Khondhwa KH        ,18.513021,73.878765,Main Street,18.51622868793453,73.87881224203392,Plaza
385,Khondhwa KH        ,18.513021,73.878765,Badshah,18.514381234818085,73.8798577502319,Indian Restaurant
386,Khondhwa KH        ,18.513021,73.878765,Dorabjee & Sons Restaurant,18.515215292987282,73.87692348133679,Parsi Restaurant
387,Khondhwa KH        ,18.513021,73.878765,Cafe Toons,18.51627179552993,73.87887552615932,Sports Bar
388,Khondhwa KH        ,18.513021,73.878765,Poona Cold Drink & Coffee House,18.511446783062645,73.87861126389635,Ice Cream Shop
389,Khondhwa KH        ,18.513021,73.878765,Radio Hotel,18.5139005525893,73.87732921010343,Indian Restaurant
390,Khondhwa KH        ,18.513021,73.878765,Subway,18.51589893159622,73.87959171465702,Fast Food Restaurant
391,Khondhwa KH        ,18.513021,73.878765,Zaika The Veg Treat,18.512241877992427,73.87877778865771,Indian Chinese Restaurant
392,Khondhwa KH        ,18.513021,73.878765,Priya Restaurant,18.511606308993773,73.87882981672688,Snack Place
393,Khondhwa KH        ,18.513021,73.878765,Karachi Sweet Mart,18.51517540681883,73.87879317782782,Indian Restaurant
394,Khondhwa KH        ,18.513021,73.878765,Cafe Yezdan,18.514896093356153,73.8767392864501,Breakfast Spot
395,Khondhwa KH        ,18.513021,73.878765,C.T. Pundole & sons,18.512302604215186,73.87887740382402,Watch Shop
396,Khondhwa KH        ,18.513021,73.878765,Shivaji market,18.51345054053528,73.87646365635534,Department Store
397,Khondhwa KH        ,18.513021,73.878765,Kings,18.514271983458094,73.87978841850867,Indian Restaurant
398,Khondhwa KH        ,18.513021,73.878765,Kwality restaurant,18.51495663949935,73.87978888408483,Indian Restaurant
399,Khondhwa KH        ,18.513021,73.878765,Moto,18.516427568865947,73.87932680108173,Motorcycle Shop
400,Khondhwa KH        ,18.513021,73.878765,Bagban-E-Khaas (Baghban Restaurant),18.514136212372847,73.87986969269402,Indian Restaurant
401,Khondhwa KH        ,18.513021,73.878765,MonaFood,18.51556715385797,73.8787687651454,Indian Restaurant
402,Khondhwa KH        ,18.513021,73.878765,Sarangi,18.514658392511233,73.87981712950781,Indian Restaurant
403,Khondhwa KH        ,18.513021,73.878765,Pasteur Dairy & Bakery,18.51658471165117,73.87885710442178,Ice Cream Shop
404,Khondhwa KH        ,18.513021,73.878765,Mayur Pure Veg,18.515904104184575,73.87961615242538,Vegetarian / Vegan Restaurant
405,Khondhwa KH        ,18.513021,73.878765,leather lounge,18.51627387787004,73.87876630418319,Lounge
406,Khondhwa KH        ,18.513021,73.878765,Fashion Street,18.509518329512726,73.87911657992728,Thrift / Vintage Store
407,Khondhwa KH        ,18.513021,73.878765,CO2 Live The Smoke,18.516057957154832,73.87883287369493,Lounge
408,Khondhwa KH        ,18.513021,73.878765,Cafe Yezdan,18.514874381968607,73.87674761275099,Breakfast Spot
409,Khondhwa KH        ,18.513021,73.878765,Blue Lagoon,18.516009548842757,73.8795702147776,Indian Restaurant
410,Khondhwa KH        ,18.513021,73.878765,Oasis,18.515345438614798,73.87593536425706,Indian Restaurant
411,Kondhwa Lh        ,18.439556,73.89535,Poona medical,18.441300044342775,73.89425822823564,Pharmacy
412,Kondhwa Lh        ,18.439556,73.89535,Nescafe,18.442329860072558,73.89503336639557,Café
413,Kondhwa Lh        ,18.439556,73.89535,Bandstand Cafe,18.44259581731495,73.89514245966745,Café
414,Kondhwa Lh        ,18.439556,73.89535,Casa lolo,18.44281876753437,73.89581424320937,Falafel Restaurant
415,Kondhwa Lh        ,18.439556,73.89535,STES Canteen,18.442833388320203,73.89559031561879,Breakfast Spot
416,Koregaon Park,18.536207,73.893974,Osho Teerth Park,18.535932024959568,73.89086723327637,Park
417,Koregaon Park,18.536207,73.893974,Squisito,18.536394997196474,73.89719285787717,Italian Restaurant
418,Koregaon Park,18.536207,73.893974,Cafe One O Eight,18.536608,73.89728,Café
419,Koregaon Park,18.536207,73.893974,Godrej Nature's Basket,18.536674350609413,73.89722444026069,Organic Grocery
420,Koregaon Park,18.536207,73.893974,Kargo,18.53664271174524,73.89677105137078,Restaurant
421,Koregaon Park,18.536207,73.893974,Swig Bar & Eatery,18.539665165113057,73.89359297614216,Lounge
422,Koregaon Park,18.536207,73.893974,Sweet Chariot Cafe,18.5396709888509,73.89392506130889,Café
423,Koregaon Park,18.536207,73.893974,The Great Punjab,18.536651618050726,73.89735583175028,Indian Restaurant
424,Koregaon Park,18.536207,73.893974,French Creperie,18.53665086130755,73.89720258853275,Creperie
425,Koregaon Park,18.536207,73.893974,La Bouchee d'Or,18.532992386198757,73.89561179116194,Bakery
426,Kothrud          ,18.498793,73.821123,Endurance Fitness Club,18.49923478118509,73.8211173481927,Gym / Fitness Center
427,Kothrud          ,18.498793,73.821123,Barometer,18.498824117966002,73.81923973485303,Café
428,Kothrud          ,18.498793,73.821123,Golds Gym Kothrud,18.49911870210435,73.8215596288252,Gym
429,Kothrud          ,18.498793,73.821123,Crossword,18.49910134374766,73.82105173610482,Bookstore
430,Kothrud          ,18.498793,73.821123,Club Delhi,18.501605667700026,73.82206608679138,Indian Restaurant
431,Kothrud          ,18.498793,73.821123,Subway,18.50182018294553,73.82188315983868,Sandwich Place
432,Kothrud          ,18.498793,73.821123,Chai Express,18.502035861397975,73.8218653971952,Tea Room
433,Kothrud          ,18.498793,73.821123,City Pride,18.499153982457212,73.82102158953215,Multiplex
434,Kothrud          ,18.498793,73.821123,Cafe Eastwood,18.498686124757324,73.819274562179,Pub
435,Kothrud          ,18.498793,73.821123,Siya Pure Veg,18.499060899438106,73.81934810090026,Indian Restaurant
436,Kothrud          ,18.498793,73.821123,Krusty's,18.50163036820648,73.82201500731841,Bistro
437,Kothrud          ,18.498793,73.821123,Nimbalkar Pan Shop,18.50003484052867,73.82247865035804,Smoke Shop
438,Lohogaon          ,18.618447,73.947738,Duroflex,18.6184468,73.9477384,Mattress Store
439,Lohogaon          ,18.618447,73.947738,State Bank of India ATM,18.6173664,73.9448423,ATM
440,Lokmanyanagar          ,18.505229999999997,73.846194,Saffron,18.507729238653617,73.84420581641643,Indian Restaurant
441,Lokmanyanagar          ,18.505229999999997,73.846194,Joggers park,18.50495579249733,73.8463333159441,Park
442,Lokmanyanagar          ,18.505229999999997,73.846194,dave Chai,18.50635269974924,73.84399976499253,Tea Room
443,M.Phulenagar          ,18.66909,73.798953,Shivam Matket,18.669205,73.79748,Shopping Plaza
444,Mangalwar Peth        ,18.524339,73.859208,Cafe Coffee Day,18.526104129312202,73.86104498129052,Coffee Shop
445,Market Yard        ,18.485306,73.874227,Unity Bakers,18.48572958195958,73.87191474437714,Bakery
446,Market Yard        ,18.485306,73.874227,Mankar Dosa Centre,18.487566941985506,73.87555062889828,Snack Place
447,Marunji          ,18.611338,73.714842,Engineers Misal,18.61258,73.71411,Maharashtrian Restaurant
448,Masulkar Colony        ,18.633663000000002,73.812866,Telco ground Ajmera,18.634991141212744,73.81397753855101,Park
449,Masulkar Colony        ,18.633663000000002,73.812866,Anna Ki Tapri,18.633356466267294,73.81551695609697,Tea Room
450,Masulkar Colony        ,18.633663000000002,73.812866,Rasrang Sweets,18.632393732154753,73.815746718885,Dessert Shop
451,Masulkar Colony        ,18.633663000000002,73.812866,H.A. Ground,18.634528917790153,73.81598796952593,Playground
452,Model Colony        ,18.534144,73.83475899999999,Mini Wok,18.532703912393053,73.83405542211443,Chinese Restaurant
453,Model Colony        ,18.534144,73.83475899999999,Coffee Stop,18.53643039728413,73.8338918928869,Coffee Shop
454,Model Colony        ,18.534144,73.83475899999999,Little Italy,18.534828001784856,73.83812201948804,Italian Restaurant
455,Model Colony        ,18.534144,73.83475899999999,Chittaranjan Vatika,18.53211567654188,73.8375602848037,Theme Park
456,Model Colony        ,18.534144,73.83475899999999,South Indies,18.535064394049556,73.83839730865662,Indian Restaurant
457,Model Colony        ,18.534144,73.83475899999999,Frozen Monkey,18.537631385267822,73.83542217764648,Lounge
458,Model Colony        ,18.534144,73.83475899999999,Om Super Market,18.532822313417885,73.83411276249407,Department Store
459,Model Colony        ,18.534144,73.83475899999999,E Square,18.53761644157667,73.83531014089307,Multiplex
460,Model Colony        ,18.534144,73.83475899999999,Bourn Village,18.532621090840195,73.8332820029033,Coffee Shop
461,Model Colony        ,18.534144,73.83475899999999,E-Square - Screen 1,18.5376539199446,73.83521929541331,Multiplex
462,Model Colony        ,18.534144,73.83475899999999,Crossword Bookstore,18.53754967482478,73.83529281222616,Bookstore
463,Model Colony        ,18.534144,73.83475899999999,Eatsome Model Colony,18.532546,73.833987,Restaurant
464,Model Colony        ,18.534144,73.83475899999999,The Chocolate Room,18.530695085337456,73.83516836969223,Dessert Shop
465,Model Colony        ,18.534144,73.83475899999999,Westside,18.537198938549288,73.83580368067571,Clothing Store
466,Mundhva          ,18.534856,73.931129,Cocoparra,18.53728169775183,73.93358871770397,Eastern European Restaurant
467,Mundhva          ,18.534856,73.931129,Mundhwa Mandi,18.533402023031805,73.93200100583094,Fruit & Vegetable Store
468,Mundhva          ,18.534856,73.931129,Dattakrupa Snacks,18.534212,73.933174,Breakfast Spot
469,Mundhva          ,18.534856,73.931129,McDonald's,18.537567343920895,73.93080120368003,Fast Food Restaurant
470,Mundhva          ,18.534856,73.931129,Flute Resto Lounge,18.53267701809991,73.93287932518875,Hotel Bar
471,Mundhva          ,18.534856,73.931129,Shell,18.53195592,73.93287927,Gas Station
472,N I B M    ,18.476615,73.896839,The Village Rooftop,18.47727451888363,73.89496861356398,Hookah Bar
473,N I B M    ,18.476615,73.896839,Baskin-Robbins,18.47665250187694,73.89405726598841,Ice Cream Shop
474,N I B M    ,18.476615,73.896839,Bakers Point,18.477302602795685,73.89593481949795,Bakery
475,N I B M    ,18.476615,73.896839,Cafe Coffee Day,18.47953838273782,73.89632322998882,Coffee Shop
476,N I B M    ,18.476615,73.896839,Foodies,18.47734074076039,73.89614372987363,Asian Restaurant
477,N I B M    ,18.476615,73.896839,Cafe Arabian Delight,18.475209662601365,73.89353203789591,Café
478,N.D.A. Khadakwasla        ,18.445413000000002,73.78014499999999,NPB Cafe,18.443083,73.78041,Café
479,N.I.A.          ,18.563204000000002,73.777203,Paramhans Dining Hall,18.564306,73.77861,Indian Restaurant
480,N.I.A.          ,18.563204000000002,73.777203,Baskin-Robbins,18.56421016957575,73.7771026285984,Ice Cream Shop
481,N.I.A.          ,18.563204000000002,73.777203,Cafe Coffee Day,18.564362735673388,73.77908355741718,Café
482,N.I.A.          ,18.563204000000002,73.777203,Zikomo,18.56413210967498,73.78000483139837,Indian Restaurant
483,N.I.A.          ,18.563204000000002,73.777203,Jalebi Junction,18.56443868134892,73.77535752201368,Fast Food Restaurant
484,N.I.A.          ,18.563204000000002,73.777203,KFC,18.56490752716071,73.77448481271236,Fast Food Restaurant
485,N.I.A.          ,18.563204000000002,73.777203,Amrita Pure Veg,18.56429267828533,73.77837805486327,Indian Restaurant
486,N.I.A.          ,18.563204000000002,73.777203,Infinity - Post 91,18.565235891732762,73.77416769853876,Indian Restaurant
487,N.W. College        ,18.534508,73.879278,Vohuman Cafe,18.53255479726013,73.87683391571045,Breakfast Spot
488,N.W. College        ,18.534508,73.879278,Kapila Kathi Kabab,18.53488822484841,73.8762967028389,Kebab Restaurant
489,N.W. College        ,18.534508,73.879278,Suonmoi Chinese Restaurant,18.537519061853448,73.87984084727901,Chinese Restaurant
490,N.W. College        ,18.534508,73.879278,Dravida's Organic Bistro,18.53562685652481,73.87643158435822,Bistro
491,N.W. College        ,18.534508,73.879278,Nandu's Parathas,18.535991740207297,73.87597707156488,Indian Restaurant
492,N.W. College        ,18.534508,73.879278,Ahling Chinese,18.532165091735802,73.87676620340925,Chinese Restaurant
493,N.W. College        ,18.534508,73.879278,Domino's Pizza,18.5320286019098,73.8767760370835,Pizza Place
494,N.W. College        ,18.534508,73.879278,YOKO sizzlers,18.53495479585261,73.8756827023155,Restaurant
495,N.W. College        ,18.534508,73.879278,Cafe Euthanasia,18.53527208353114,73.87831446192322,Café
496,N.W. College        ,18.534508,73.879278,Just Baked,18.535604199492415,73.87618802587299,Bakery
497,N.W. College        ,18.534508,73.879278,Kapila Garden Restaurant,18.534157807850196,73.87649811013837,Indian Restaurant
498,N.W. College        ,18.534508,73.879278,Soy,18.53707590325458,73.88120099467704,Chinese Restaurant
499,N.W. College        ,18.534508,73.879278,Fantasy,18.534968751064294,73.87997230791882,Juice Bar
500,N.W. College        ,18.534508,73.879278,Chaitanya Paratha,18.534843740542005,73.87806000860897,Indian Restaurant
501,N.W. College        ,18.534508,73.879278,Godrej Nature's Basket,18.535272728133712,73.87810766925728,Department Store
502,N.W. College        ,18.534508,73.879278,Madhuban Restaurant,18.533437584339094,73.8765745915414,Indian Restaurant
503,N.W. College        ,18.534508,73.879278,KFC,18.532262185590277,73.87691312112662,Fast Food Restaurant
504,N.W. College        ,18.534508,73.879278,Reliance Fresh,18.533471759560637,73.87668022288015,Department Store
505,N.W. College        ,18.534508,73.879278,Orra Diamond Jewellery,18.536965,73.881282,Jewelry Store
506,N.W. College        ,18.534508,73.879278,Nandus,18.536043537408318,73.87606743741512,Indian Restaurant
507,Nana Peth        ,18.514228,73.86968900000001,Cinnamon Restaurant,18.516879458484656,73.87119789868068,Indian Restaurant
508,Nanded          ,18.458733,73.798914,Relax,18.457194512957912,73.80094370787029,Diner
509,Navsahyadri          ,18.482529,73.809557,Narayan Khamang Dhokla and Sweets,18.48374539931926,73.81016915202703,Snack Place
510,Navsahyadri          ,18.482529,73.809557,Mad About China,18.484186958699013,73.80938219125201,Chinese Restaurant
511,Navsahyadri          ,18.482529,73.809557,Honeywell,18.48283405363577,73.8081586621007,Bakery
512,Navsahyadri          ,18.482529,73.809557,Axis Bank ATM,18.4823,73.8066,ATM
513,Nehrunagar          ,18.632597,73.82166099999999,Ritya's dairy,18.63336199741055,73.8200432339744,Cheese Shop
514,Nehrunagar          ,18.632597,73.82166099999999,swagat udupi lunch home,18.631454467773438,73.8196029663086,Indian Restaurant
515,Nehrunagar          ,18.632597,73.82166099999999,Siddhi Vinayak Eateries,18.630260467529297,73.82212829589844,Breakfast Spot
516,Nehrunagar          ,18.632597,73.82166099999999,Hotel RR,18.634471376080025,73.82011790520465,Restaurant
517,Nehrunagar          ,18.632597,73.82166099999999,Magar Stadium,18.635694999495804,73.82192723795005,Baseball Stadium
518,P.C.N.T.          ,18.653164999999998,73.767663,Cafe Aroma,18.650154963619897,73.76656638835304,Café
519,P.C.N.T.          ,18.653164999999998,73.767663,Eat- The Good Food Place,18.65377051272392,73.77121373060317,Mexican Restaurant
520,P.C.N.T.          ,18.653164999999998,73.767663,Rasoi Se,18.656126398078232,73.76962124815076,Diner
521,P.C.N.T.          ,18.653164999999998,73.767663,Pingara Veg Restaurant,18.653709339529392,73.77132863758911,Indian Restaurant
522,Parvati Gaon        ,18.49731,73.851095,Parvati,18.498190564461044,73.84958786400306,Trail
523,Parvati Gaon        ,18.49731,73.851095,Naivedyam,18.497347000291647,73.85397553057236,Fast Food Restaurant
524,Parvati Gaon        ,18.49731,73.851095,City Plaza Restaurant,18.49787792281703,73.85428564990278,Indian Restaurant
525,Parvati Gaon        ,18.49731,73.851095,Hotel Vedant,18.497013081744143,73.85439476584729,Indian Restaurant
526,Parvati Gaon        ,18.49731,73.851095,S. R. S. Travels,18.496797751373208,73.85440050879006,Bus Station
527,Parvati Gaon        ,18.49731,73.851095,Suras Dining Hall,18.498155937293955,73.85437753701797,Indian Restaurant
528,Parvati Gaon        ,18.49731,73.851095,Patil Plaza,18.49597432221832,73.85447892964636,Office
529,Parvati          ,18.488743,73.847787,Relax Pure Veg,18.49038966316352,73.84982821455138,Vegetarian / Vegan Restaurant
530,Parvati          ,18.488743,73.847787,Reliance Fresh,18.48964565544959,73.84912841682454,Convenience Store
531,Parvati          ,18.488743,73.847787,Shri Samartha Sandwich,18.489670064782317,73.84988076102016,Sandwich Place
532,Parvati          ,18.488743,73.847787,Ambika Market,18.490689947763933,73.8449478149414,Convenience Store
533,Pimple Gurav        ,18.585982,73.812126,Hotel Swad,18.5865509814338,73.81429920887642,Indian Restaurant
534,Pimpri Colony        ,18.492947,73.856792,Mankar Dosa Centre,18.491048922360832,73.85801673477192,Southern / Soul Food Restaurant
535,Pimpri Colony        ,18.492947,73.856792,Cafe Chocolade,18.49090265181395,73.85788070128778,Ice Cream Shop
536,Pimpri Colony        ,18.492947,73.856792,Cafe Bistro,18.490099609488315,73.858025867468,Bistro
537,Pimpri Colony        ,18.492947,73.856792,Shreyas Siddhi,18.492436516375907,73.85717433056168,Indian Restaurant
538,Pimpri Colony        ,18.492947,73.856792,Monginis Cake Shop,18.49309234582621,73.85417079094847,Bakery
539,Pimpri Colony        ,18.492947,73.856792,Katakirr Misal,18.49001,73.857977,Breakfast Spot
540,Pimpri P F      ,18.623082,73.80883,Baskin-Robbins,18.621998961733567,73.81039892100799,Ice Cream Shop
541,Pimpri P F      ,18.623082,73.80883,A.R.C [H.A] Badminton Court,18.62330536836706,73.81118013355389,Tennis Court
542,Pimpri P F      ,18.623082,73.80883,Roxy Hotel,18.62539491167099,73.80621133959633,Indian Restaurant
543,Pimpri Waghire        ,18.623232,73.802251,Croma,18.625418668232076,73.80167393314457,Electronics Store
544,Pimpri Waghire        ,18.623232,73.802251,Mahadev Patiswala,18.62014583042024,73.80362062431706,Breakfast Spot
545,Pimpri Waghire        ,18.623232,73.802251,Mobile Point,18.622019855164773,73.80229055041698,Electronics Store
546,Pimpri Waghire        ,18.623232,73.802251,Pimpri Market,18.62184955775321,73.80229365951044,Market
547,Punawale          ,18.637202,73.745784,My Idea Store,18.638433,73.746344,Mobile Phone Shop
548,Punawale          ,18.637202,73.745784,"Pikachu Restaurant, Punvale",18.639286041259766,73.74773406982422,Indian Restaurant
549,Punawale          ,18.637202,73.745784,royal garden,18.63810157775879,73.74937438964844,Asian Restaurant
550,Pune Cantt East      ,18.511841,73.879976,Thousand Oaks  / 1000 Oaks,18.510671720653598,73.87999263541404,Bar
551,Pune Cantt East      ,18.511841,73.879976,Venky's Chicken,18.513503048807866,73.87976573679676,Fast Food Restaurant
552,Pune Cantt East      ,18.511841,73.879976,11 East Street Cafe,18.512403447489135,73.88031499121894,Bar
553,Pune Cantt East      ,18.511841,73.879976,Marz O Rin,18.51185910691139,73.88015591898002,Café
554,Pune Cantt East      ,18.511841,73.879976,Kayani Bakery,18.51479706269301,73.87985980267678,Bakery
555,Pune Cantt East      ,18.511841,73.879976,Kareem's,18.51423826998531,73.87980916072576,Indian Restaurant
556,Pune Cantt East      ,18.511841,73.879976,Kohinoor restaurant,18.511418935387645,73.87873567895245,Breakfast Spot
557,Pune Cantt East      ,18.511841,73.879976,Om Jai Shankar Pani Puri,18.511730576956282,73.87641365049377,Snack Place
558,Pune Cantt East      ,18.511841,73.879976,Poona Cold Drink & Coffee House,18.511446783062645,73.87861126389635,Ice Cream Shop
559,Pune Cantt East      ,18.511841,73.879976,Zaika The Veg Treat,18.512241877992427,73.87877778865771,Indian Chinese Restaurant
560,Pune Cantt East      ,18.511841,73.879976,Priya Restaurant,18.511606308993773,73.87882981672688,Snack Place
561,Pune Cantt East      ,18.511841,73.879976,Badshah,18.514381234818085,73.8798577502319,Indian Restaurant
562,Pune Cantt East      ,18.511841,73.879976,C.T. Pundole & sons,18.512302604215186,73.87887740382402,Watch Shop
563,Pune Cantt East      ,18.511841,73.879976,Radio Hotel,18.5139005525893,73.87732921010343,Indian Restaurant
564,Pune Cantt East      ,18.511841,73.879976,Grand Darbar,18.508945264752132,73.87952427711905,Indian Restaurant
565,Pune Cantt East      ,18.511841,73.879976,Karachi Sweet Mart,18.51517540681883,73.87879317782782,Indian Restaurant
566,Pune Cantt East      ,18.511841,73.879976,Kings,18.514271983458094,73.87978841850867,Indian Restaurant
567,Pune Cantt East      ,18.511841,73.879976,Bagban-E-Khaas (Baghban Restaurant),18.514136212372847,73.87986969269402,Indian Restaurant
568,Pune Cantt East      ,18.511841,73.879976,Kwality restaurant,18.51495663949935,73.87978888408483,Indian Restaurant
569,Pune Cantt East      ,18.511841,73.879976,Fashion Street,18.509518329512726,73.87911657992728,Thrift / Vintage Store
570,Pune Cantt East      ,18.511841,73.879976,Sarangi,18.514658392511233,73.87981712950781,Indian Restaurant
571,Pune City        ,18.515797,73.856605,Lal Mahal,18.518719674058865,73.85655641555786,Historic Site
572,Pune City        ,18.515797,73.856605,Shrikrishna Bhuvan,18.51349411364069,73.85507354346112,Snack Place
573,Pune City        ,18.515797,73.856605,Hotel Agatya,18.514450921596094,73.85427023461997,Indian Restaurant
574,Pune City        ,18.515797,73.856605,New Poona Bakery,18.517027817210945,73.85484481593303,Bakery
575,Pune City        ,18.515797,73.856605,Kaware Ice Cream,18.514828220471887,73.85507243193781,Ice Cream Shop
576,Pune City        ,18.515797,73.856605,Chitale Bandhu Mithaiwale,18.51360263696441,73.85380148377794,Dessert Shop
577,Pune City        ,18.515797,73.856605,Tulshibaug,18.514050067357854,73.8549256324768,Miscellaneous Shop
578,Pune City        ,18.515797,73.856605,Mahatma Phule Mandai,18.513349597939047,73.8560544693351,Fruit & Vegetable Store
579,Pune City        ,18.515797,73.856605,Indrayani Sugarcane Juice,18.51333882460705,73.85457853993292,Juice Bar
580,Pune City        ,18.515797,73.856605,Manyawar,18.514439005241805,73.85338974828196,Men's Store
581,Pune City        ,18.515797,73.856605,Indrayani Rasawanti Gruh,18.513378150411192,73.8540616748798,Juice Bar
582,Pune New Bazar      ,18.506764,73.87990699999999,4 Seasons,18.507704501887808,73.8793347841636,Indian Restaurant
583,Pune New Bazar      ,18.506764,73.87990699999999,Miami Sheesha Lounge,18.50655293139644,73.87862274838982,Hookah Bar
584,Pune New Bazar      ,18.506764,73.87990699999999,Grand Darbar,18.508945264752132,73.87952427711905,Indian Restaurant
585,Pune New Bazar      ,18.506764,73.87990699999999,Burger,18.506785001669016,73.87906715579932,Burger Joint
586,Pune New Bazar      ,18.506764,73.87990699999999,Fashion Street,18.509518329512726,73.87911657992728,Thrift / Vintage Store
587,Pune New Bazar      ,18.506764,73.87990699999999,Donut Magic,18.507253663460084,73.87937497965432,Donut Shop
588,Pune New Bazar      ,18.506764,73.87990699999999,Sujata Mastani,18.50756459789506,73.87919697098998,Ice Cream Shop
589,Pune New Bazar      ,18.506764,73.87990699999999,East End Chinese,18.50688621407581,73.87873185081334,Chinese Restaurant
590,Pune          ,18.513021,73.878765,Venky's Chicken,18.513503048807866,73.87976573679676,Fast Food Restaurant
591,Pune          ,18.513021,73.878765,Kayani Bakery,18.51479706269301,73.87985980267678,Bakery
592,Pune          ,18.513021,73.878765,11 East Street Cafe,18.512403447489135,73.88031499121894,Bar
593,Pune          ,18.513021,73.878765,Thousand Oaks  / 1000 Oaks,18.510671720653598,73.87999263541404,Bar
594,Pune          ,18.513021,73.878765,Kareem's,18.51423826998531,73.87980916072576,Indian Restaurant
595,Pune          ,18.513021,73.878765,Marz O Rin,18.51185910691139,73.88015591898002,Café
596,Pune          ,18.513021,73.878765,Om Jai Shankar Pani Puri,18.511730576956282,73.87641365049377,Snack Place
597,Pune          ,18.513021,73.878765,Mughal's,18.51569010232164,73.87961173532855,Indian Restaurant
598,Pune          ,18.513021,73.878765,JJ Garden Wada Pav,18.516492359111737,73.87883521094803,Food Truck
599,Pune          ,18.513021,73.878765,Kohinoor restaurant,18.511418935387645,73.87873567895245,Breakfast Spot
600,Pune          ,18.513021,73.878765,Main Street,18.51622868793453,73.87881224203392,Plaza
601,Pune          ,18.513021,73.878765,Badshah,18.514381234818085,73.8798577502319,Indian Restaurant
602,Pune          ,18.513021,73.878765,Dorabjee & Sons Restaurant,18.515215292987282,73.87692348133679,Parsi Restaurant
603,Pune          ,18.513021,73.878765,Cafe Toons,18.51627179552993,73.87887552615932,Sports Bar
604,Pune          ,18.513021,73.878765,Poona Cold Drink & Coffee House,18.511446783062645,73.87861126389635,Ice Cream Shop
605,Pune          ,18.513021,73.878765,Radio Hotel,18.5139005525893,73.87732921010343,Indian Restaurant
606,Pune          ,18.513021,73.878765,Subway,18.51589893159622,73.87959171465702,Fast Food Restaurant
607,Pune          ,18.513021,73.878765,Zaika The Veg Treat,18.512241877992427,73.87877778865771,Indian Chinese Restaurant
608,Pune          ,18.513021,73.878765,Priya Restaurant,18.511606308993773,73.87882981672688,Snack Place
609,Pune          ,18.513021,73.878765,Karachi Sweet Mart,18.51517540681883,73.87879317782782,Indian Restaurant
610,Pune          ,18.513021,73.878765,Cafe Yezdan,18.514896093356153,73.8767392864501,Breakfast Spot
611,Pune          ,18.513021,73.878765,C.T. Pundole & sons,18.512302604215186,73.87887740382402,Watch Shop
612,Pune          ,18.513021,73.878765,Shivaji market,18.51345054053528,73.87646365635534,Department Store
613,Pune          ,18.513021,73.878765,Kings,18.514271983458094,73.87978841850867,Indian Restaurant
614,Pune          ,18.513021,73.878765,Kwality restaurant,18.51495663949935,73.87978888408483,Indian Restaurant
615,Pune          ,18.513021,73.878765,Moto,18.516427568865947,73.87932680108173,Motorcycle Shop
616,Pune          ,18.513021,73.878765,Bagban-E-Khaas (Baghban Restaurant),18.514136212372847,73.87986969269402,Indian Restaurant
617,Pune          ,18.513021,73.878765,MonaFood,18.51556715385797,73.8787687651454,Indian Restaurant
618,Pune          ,18.513021,73.878765,Sarangi,18.514658392511233,73.87981712950781,Indian Restaurant
619,Pune          ,18.513021,73.878765,Pasteur Dairy & Bakery,18.51658471165117,73.87885710442178,Ice Cream Shop
620,Pune          ,18.513021,73.878765,Mayur Pure Veg,18.515904104184575,73.87961615242538,Vegetarian / Vegan Restaurant
621,Pune          ,18.513021,73.878765,leather lounge,18.51627387787004,73.87876630418319,Lounge
622,Pune          ,18.513021,73.878765,Fashion Street,18.509518329512726,73.87911657992728,Thrift / Vintage Store
623,Pune          ,18.513021,73.878765,CO2 Live The Smoke,18.516057957154832,73.87883287369493,Lounge
624,Pune          ,18.513021,73.878765,Cafe Yezdan,18.514874381968607,73.87674761275099,Breakfast Spot
625,Pune          ,18.513021,73.878765,Blue Lagoon,18.516009548842757,73.8795702147776,Indian Restaurant
626,Pune          ,18.513021,73.878765,Oasis,18.515345438614798,73.87593536425706,Indian Restaurant
627,Range Hills        ,18.560625,73.83802299999999,M.M. Restaurant,18.56196617331934,73.8365046868337,Diner
628,Range Hills        ,18.560625,73.83802299999999,Reliance Fresh,18.562148303355055,73.83667124721757,Department Store
629,Range Hills        ,18.560625,73.83802299999999,Rosso Bianco,18.56215140893296,73.83557424348498,Italian Restaurant
630,Range Hills        ,18.560625,73.83802299999999,Monginis Cake Shop,18.56229220719714,73.83512050717593,Bakery
631,Range Hills        ,18.560625,73.83802299999999,ICICI Bank & ATM,18.562339275582026,73.83512050717593,Bank
632,Rasta Peth        ,18.516644,73.872355,Hite Bar,18.515297639433705,73.87394363280072,Fast Food Restaurant
633,Rasta Peth        ,18.516644,73.872355,Abs Fitness & Wellness Club,18.51960456608613,73.87412652726975,Gym
634,Rasta Peth        ,18.516644,73.872355,Shantai Hotel Pune,18.519619386289705,73.87108814195811,Bed & Breakfast
635,Rasta Peth        ,18.516644,73.872355,Raasta Cafe,18.519694368148173,73.87089003366609,Comfort Food Restaurant
636,Rasta Peth        ,18.516644,73.872355,Pride Of Hyderabad,18.51715297926503,73.87466669082642,Indian Restaurant
637,Rasta Peth        ,18.516644,73.872355,Eddie's Kitchen,18.517966187668407,73.87454079751964,Chinese Restaurant
638,Rasta Peth        ,18.516644,73.872355,Cafe Blitz,18.517594798950846,73.87182956736854,Café
639,Rasta Peth        ,18.516644,73.872355,Majestic Restaurant,18.51656213155172,73.8749189721943,Indian Restaurant
640,Raviwar Peth        ,18.511860000000002,73.86241700000001,Purohit Sweets,18.513164520263672,73.8603744506836,Food & Drink Shop
641,Raviwar Peth        ,18.511860000000002,73.86241700000001,Raviwar Peth,18.513794307853416,73.86030990808064,Neighborhood
642,Raviwar Peth        ,18.511860000000002,73.86241700000001,NVS The Wholesale Plywood Store,18.511801692750115,73.86552572250366,Furniture / Home Store
643,S.P. College        ,18.508335,73.849416,Tilak Hotel,18.50960261815985,73.84688277838784,Snack Place
644,S.P. College        ,18.508335,73.849416,Badshahi Mess,18.508755414267316,73.84897126474321,Indian Restaurant
645,S.P. College        ,18.508335,73.849416,SP Biryani House,18.508067134805508,73.85035559087343,Indian Restaurant
646,S.P. College        ,18.508335,73.849416,Grahak Peth,18.507649444578256,73.85063253217139,Convenience Store
647,S.P. College        ,18.508335,73.849416,Badshahi Boarding House,18.5088274722442,73.84890531948132,Indian Restaurant
648,S.P. College        ,18.508335,73.849416,Cafe Coffee Day,18.50659737929839,73.85053581499434,Coffee Shop
649,S.P. College        ,18.508335,73.849416,Tilak Smarak Mandir,18.50859988610261,73.84921915770671,Concert Hall
650,S.P. College        ,18.508335,73.849416,Poona Boarding House,18.51156382958739,73.84877234452432,Diner
651,S.P. College        ,18.508335,73.849416,"Cafe Coffee Day, Nucleus Mall",18.509971,73.846668,Coffee Shop
652,S.P. College        ,18.508335,73.849416,Ramnath Misal,18.51039762208949,73.84647508841364,Breakfast Spot
653,S.P. College        ,18.508335,73.849416,Bharat Natya Mandir,18.51084670760506,73.84913540839821,Theater
654,S.P. College        ,18.508335,73.849416,Sugaran's Kolhapuri Non-veg,18.50992972031334,73.84877800941467,Indian Restaurant
655,S.P. College        ,18.508335,73.849416,Rassa - Jasa Hawa Tassa,18.50950514852728,73.84902504106174,Seafood Restaurant
656,S.P. College        ,18.508335,73.849416,Sugrans,18.510444934338313,73.84858282190861,Indian Restaurant
657,S.P. College        ,18.508335,73.849416,Monginis Cake Shop,18.50649699893095,73.85208034627219,Bakery
658,S.P. College        ,18.508335,73.849416,Girija Pav Bhaji Center,18.506250066857902,73.85235816418904,Snack Place
659,Sachapir Street        ,18.513638,73.876726,Om Jai Shankar Pani Puri,18.511730576956282,73.87641365049377,Snack Place
660,Sachapir Street        ,18.513638,73.876726,Dorabjee & Sons Restaurant,18.515215292987282,73.87692348133679,Parsi Restaurant
661,Sachapir Street        ,18.513638,73.876726,Venky's Chicken,18.513503048807866,73.87976573679676,Fast Food Restaurant
662,Sachapir Street        ,18.513638,73.876726,Kayani Bakery,18.51479706269301,73.87985980267678,Bakery
663,Sachapir Street        ,18.513638,73.876726,JJ Garden Wada Pav,18.516492359111737,73.87883521094803,Food Truck
664,Sachapir Street        ,18.513638,73.876726,Main Street,18.51622868793453,73.87881224203392,Plaza
665,Sachapir Street        ,18.513638,73.876726,Kareem's,18.51423826998531,73.87980916072576,Indian Restaurant
666,Sachapir Street        ,18.513638,73.876726,Radio Hotel,18.5139005525893,73.87732921010343,Indian Restaurant
667,Sachapir Street        ,18.513638,73.876726,Cafe Toons,18.51627179552993,73.87887552615932,Sports Bar
668,Sachapir Street        ,18.513638,73.876726,Mughal's,18.51569010232164,73.87961173532855,Indian Restaurant
669,Sachapir Street        ,18.513638,73.876726,Cafe Yezdan,18.514896093356153,73.8767392864501,Breakfast Spot
670,Sachapir Street        ,18.513638,73.876726,Hite Bar,18.515297639433705,73.87394363280072,Fast Food Restaurant
671,Sachapir Street        ,18.513638,73.876726,Subway,18.51589893159622,73.87959171465702,Fast Food Restaurant
672,Sachapir Street        ,18.513638,73.876726,Kohinoor restaurant,18.511418935387645,73.87873567895245,Breakfast Spot
673,Sachapir Street        ,18.513638,73.876726,Karachi Sweet Mart,18.51517540681883,73.87879317782782,Indian Restaurant
674,Sachapir Street        ,18.513638,73.876726,Zaika The Veg Treat,18.512241877992427,73.87877778865771,Indian Chinese Restaurant
675,Sachapir Street        ,18.513638,73.876726,Poona Cold Drink & Coffee House,18.511446783062645,73.87861126389635,Ice Cream Shop
676,Sachapir Street        ,18.513638,73.876726,Shivaji market,18.51345054053528,73.87646365635534,Department Store
677,Sachapir Street        ,18.513638,73.876726,Badshah,18.514381234818085,73.8798577502319,Indian Restaurant
678,Sachapir Street        ,18.513638,73.876726,Priya Restaurant,18.511606308993773,73.87882981672688,Snack Place
679,Sachapir Street        ,18.513638,73.876726,C.T. Pundole & sons,18.512302604215186,73.87887740382402,Watch Shop
680,Sachapir Street        ,18.513638,73.876726,MonaFood,18.51556715385797,73.8787687651454,Indian Restaurant
681,Sachapir Street        ,18.513638,73.876726,Kwality restaurant,18.51495663949935,73.87978888408483,Indian Restaurant
682,Sachapir Street        ,18.513638,73.876726,Kings,18.514271983458094,73.87978841850867,Indian Restaurant
683,Sachapir Street        ,18.513638,73.876726,Pasteur Dairy & Bakery,18.51658471165117,73.87885710442178,Ice Cream Shop
684,Sachapir Street        ,18.513638,73.876726,Bagban-E-Khaas (Baghban Restaurant),18.514136212372847,73.87986969269402,Indian Restaurant
685,Sachapir Street        ,18.513638,73.876726,leather lounge,18.51627387787004,73.87876630418319,Lounge
686,Sachapir Street        ,18.513638,73.876726,Cafe Yezdan,18.514874381968607,73.87674761275099,Breakfast Spot
687,Sachapir Street        ,18.513638,73.876726,Sarangi,18.514658392511233,73.87981712950781,Indian Restaurant
688,Sachapir Street        ,18.513638,73.876726,Mayur Pure Veg,18.515904104184575,73.87961615242538,Vegetarian / Vegan Restaurant
689,Sachapir Street        ,18.513638,73.876726,CO2 Live The Smoke,18.516057957154832,73.87883287369493,Lounge
690,Sachapir Street        ,18.513638,73.876726,Oasis,18.515345438614798,73.87593536425706,Indian Restaurant
691,Sachapir Street        ,18.513638,73.876726,Blue Lagoon,18.516009548842757,73.8795702147776,Indian Restaurant
692,Sadashiv Peth        ,18.506685,73.845731,Tilak Hotel,18.50960261815985,73.84688277838784,Snack Place
693,Sadashiv Peth        ,18.506685,73.845731,Janjira Hotel,18.509113911280735,73.84372031997646,Indian Restaurant
694,Sadashiv Peth        ,18.506685,73.845731,Saffron,18.507729238653617,73.84420581641643,Indian Restaurant
695,Sadashiv Peth        ,18.506685,73.845731,"Cafe Coffee Day, Nucleus Mall",18.509971,73.846668,Coffee Shop
696,Sadashiv Peth        ,18.506685,73.845731,Joggers park,18.50495579249733,73.8463333159441,Park
697,Sasanenagar          ,18.491954999999997,73.934513,D Mart,18.49349325118889,73.93475412432797,Department Store
698,Sasanenagar          ,18.491954999999997,73.934513,Gokul Restaurant,18.49177866524557,73.93236637115479,Fast Food Restaurant
699,Sasanenagar          ,18.491954999999997,73.934513,Nisarg  Snacks Center,18.49062196913351,73.93259229315639,Breakfast Spot
700,Sasanenagar          ,18.491954999999997,73.934513,Rameshwar Mobile,18.490680694580078,73.9319076538086,Mobile Phone Shop
701,Sasanenagar          ,18.491954999999997,73.934513,Jai Ambika Hotel,18.488807081295924,73.93267266216827,Indian Restaurant
702,Shaniwar Peth        ,18.519284,73.852486,Fish Curry Rice,18.51641491600367,73.85093360732121,Seafood Restaurant
703,Shaniwar Peth        ,18.519284,73.852486,Shaniwar Wada,18.52015119740706,73.85518729036599,Historic Site
704,Shaniwar Peth        ,18.519284,73.852486,New Poona Bakery,18.517027817210945,73.85484481593303,Bakery
705,Shaniwar Peth        ,18.519284,73.852486,Sudarshan Rang Manch (Hall),18.518073602010816,73.85139692685293,Theater
706,Shaniwar Peth        ,18.519284,73.852486,natural icecream,18.51967032507075,73.85461299755487,Ice Cream Shop
707,Shaniwar Peth        ,18.519284,73.852486,Rasoi Dining Hall,18.518495972917574,73.85005305317975,Indian Restaurant
708,Shaniwar Peth        ,18.519284,73.852486,Hotel Madhuban,18.519526857276233,73.84892740833926,Food
709,Shivaji Housing Society      ,18.530188,73.829915,Spice Kitchen,18.531886864925845,73.82957091082835,Asian Restaurant
710,Shivaji Housing Society      ,18.530188,73.829915,Paasha,18.53207679304871,73.82956401247087,Lounge
711,Shivaji Housing Society      ,18.530188,73.829915,JW Marriott Hotel Pune,18.5324152,73.8297728,Hotel
712,Shivaji Housing Society      ,18.530188,73.829915,Pune Baking Company,18.531971811632015,73.82983372978156,Bakery
713,Shivaji Housing Society      ,18.530188,73.829915,Alto Vino,18.53197888529939,73.82979570889925,Italian Restaurant
714,Shivaji Housing Society      ,18.530188,73.829915,"Lobby Lounge, JW Marriott",18.531915245410474,73.82962901996032,Lounge
715,Shivaji Housing Society      ,18.530188,73.829915,Miami,18.532031656442765,73.82983294825146,Nightclub
716,Shivaji Housing Society      ,18.530188,73.829915,Shakahari,18.53186512027384,73.82956454603062,Vegetarian / Vegan Restaurant
717,Shivaji Housing Society      ,18.530188,73.829915,Mainland China,18.531659593909822,73.82975495714788,Chinese Restaurant
718,Shivaji Housing Society      ,18.530188,73.829915,Tales And Spirits,18.5307837944114,73.82872334210879,Bistro
719,Shivaji Housing Society      ,18.530188,73.829915,The Pavillion,18.532861,73.829802,Shopping Mall
720,Shivaji Housing Society      ,18.530188,73.829915,Tien,18.530260170328454,73.8324901968085,Deli / Bodega
721,Shivaji Housing Society      ,18.530188,73.829915,Subway,18.529155,73.830866,Sandwich Place
722,Shivaji Housing Society      ,18.530188,73.829915,cafe coffee day,18.530578864852384,73.82944584358319,Coffee Shop
723,Shivaji Housing Society      ,18.530188,73.829915,Cafe Coffee Day,18.53047280848842,73.8293580474668,Café
724,Shivaji Housing Society      ,18.530188,73.829915,Domino's Pizza,18.52929871336244,73.82996636290308,Pizza Place
725,Shivaji Housing Society      ,18.530188,73.829915,Cognizant Technology Solutions,18.531271466049308,73.82992451087625,IT Services
726,Shivaji Housing Society      ,18.530188,73.829915,Good Food Kitchen,18.531715626259867,73.8313010399871,Fast Food Restaurant
727,Shivaji Housing Society      ,18.530188,73.829915,eat some,18.531857549411026,73.8314446303143,Snack Place
728,Shivaji Housing Society      ,18.530188,73.829915,Pune Baking Company,18.533781,73.82983,Café
729,Shivajinagar          ,18.527442,73.849065,Modern PDMBA Sports Complex,18.52551169684312,73.84787007012933,Stadium
730,Shivajinagar          ,18.527442,73.849065,Panchali Restaurant,18.52589862801796,73.85018246363045,Fast Food Restaurant
731,Shivajinagar          ,18.527442,73.849065,Modern Cafe,18.527055894043603,73.85143946115741,Indian Restaurant
732,Shivajinagar          ,18.527442,73.849065,Cafe Coffee Day,18.52630878466589,73.85069847106934,Café
733,Shivajinagar          ,18.527442,73.849065,Kensha Mobiles,18.526500112769643,73.8505331530461,Electronics Store
734,Shivajinagar          ,18.527442,73.849065,Fountain Restro N Bar,18.52666549966732,73.85196410769333,Bar
735,Shivajinagar          ,18.527442,73.849065,Bamboo House,18.5267279196609,73.85139782418395,Indian Restaurant
736,Shivajinagar          ,18.527442,73.849065,Hotel Surabhi,18.525527967770824,73.84976179727619,Indian Restaurant
737,Shivajinagar          ,18.527442,73.849065,Sudama Bar & Restaurant,18.526122884846785,73.85219938316142,Bar
738,Shivajinagar          ,18.527442,73.849065,NCR,18.526163438042786,73.85039008821276,Tea Room
739,Shivajinagar          ,18.527442,73.849065,jangli maharaj mandir,18.52696115175991,73.85026554663571,Historic Site
740,Shivajinagar          ,18.527442,73.849065,World Of Veg,18.530015513098554,73.85159395685335,Restaurant
741,Shivane          ,18.463754,73.784363,suruchi pure veg fast food,18.46556371709262,73.78570298037687,Fast Food Restaurant
742,Shukrawar Peth        ,18.512501,73.85673299999999,Raja Dinkar Kelkar museum,18.510743623888896,73.85438919067383,History Museum
743,Shukrawar Peth        ,18.512501,73.85673299999999,Shrikrishna Bhuvan,18.51349411364069,73.85507354346112,Snack Place
744,Shukrawar Peth        ,18.512501,73.85673299999999,Shree Wadeshwar Bhuvan,18.510752727983352,73.85374824193698,Vegetarian / Vegan Restaurant
745,Shukrawar Peth        ,18.512501,73.85673299999999,Hotel Agatya,18.514450921596094,73.85427023461997,Indian Restaurant
746,Shukrawar Peth        ,18.512501,73.85673299999999,Chitale Bandhu Mithaiwale,18.51360263696441,73.85380148377794,Dessert Shop
747,Shukrawar Peth        ,18.512501,73.85673299999999,Mahatma Phule Mandai,18.513349597939047,73.8560544693351,Fruit & Vegetable Store
748,Shukrawar Peth        ,18.512501,73.85673299999999,Kaware Ice Cream,18.514828220471887,73.85507243193781,Ice Cream Shop
749,Shukrawar Peth        ,18.512501,73.85673299999999,Tulshibaug,18.514050067357854,73.8549256324768,Miscellaneous Shop
750,Shukrawar Peth        ,18.512501,73.85673299999999,Indrayani Rasawanti Gruh,18.513378150411192,73.8540616748798,Juice Bar
751,Shukrawar Peth        ,18.512501,73.85673299999999,Shanipar,18.51233304073676,73.85301645473669,Bus Station
752,Sopan Baug,18.5142,73.904,Naturals Icecream JM Road,18.515381132176273,73.90628687738884,Ice Cream Shop
753,Sopan Baug,18.5142,73.904,Fab gym,18.514029,73.907416,Gym
754,Srpf          ,18.498303,73.908058,Srpf,18.497037,73.906981,Basketball Court
755,Sus          ,18.544885,73.77911800000001,Baskin-Robbins,18.54419598,73.78224714,Ice Cream Shop
756,Sus          ,18.544885,73.77911800000001,Rangla Punjab,18.542539410542897,73.77636750177292,Indian Restaurant
757,Sus          ,18.544885,73.77911800000001,Tawaah,18.544473520193975,73.78070349923101,Food Court
758,Sus          ,18.544885,73.77911800000001,Reliance Fresh,18.544574730448502,73.78062517732525,Department Store
759,Sus          ,18.544885,73.77911800000001,Cafe Chocolade,18.545312433485492,73.77892384289385,Coffee Shop
760,Sus          ,18.544885,73.77911800000001,Chai Tapri,18.54451466047977,73.78102165277522,Breakfast Spot
761,Sus          ,18.544885,73.77911800000001,Bhau's Cafe,18.544123588789486,73.78158956510184,Café
762,Sus          ,18.544885,73.77911800000001,Ganesh Bhel,18.54426446763794,73.78208363901487,Snack Place
763,Sus          ,18.544885,73.77911800000001,Dhanashri Super Market,18.54413955732527,73.78209107129072,Department Store
764,T.V. Nagar        ,18.49492,73.865016,Kataria High School Ground,18.49694064169142,73.86575397882409,Playground
765,T.V. Nagar        ,18.49492,73.865016,Cafe 160 Degree Sportsbar,18.49176633159611,73.86492129844942,Lounge
766,Talwade          ,18.675565,73.782678,My Idea Store,18.674741,73.782908,Mobile Phone Shop
767,Thathawade          ,18.627597,73.74549,Subway,18.624604,73.744141,Sandwich Place
768,Thathawade          ,18.627597,73.74549,State Bank of India ATM,18.628168,73.74264,ATM
769,Thathawade          ,18.627597,73.74549,Sagar Cafe,18.628450355026526,73.7424217086214,Vegetarian / Vegan Restaurant
770,Thathawade          ,18.627597,73.74549,Vithal Kamat Original Family Restaurant,18.62496,73.74384,Indian Restaurant
771,Thathawade          ,18.627597,73.74549,Swagat Family Restauramt,18.624523951611675,73.74445584455188,Indian Restaurant
772,Thergaon          ,18.609275,73.772937,McDonald's,18.608546237306665,73.77045583054789,Fast Food Restaurant
773,Undri,18.4567,73.9095,Green Heaven,18.455183,73.911762,Bar
774,Undri,18.4567,73.9095,Sunrise Garden Cafe,18.457874,73.91234,Café
775,Undri,18.4567,73.9095,The Spices,18.457393184526335,73.91290088282777,Indian Restaurant
776,Vadgaon Budruk        ,18.471618,73.827214,Subway,18.472143915501615,73.83001446600252,Sandwich Place
777,Vadgaon Budruk        ,18.471618,73.827214,Cup N Joy Cafe,18.471642,73.827225,Café
778,Vadgaon Budruk        ,18.471618,73.827214,Khandesh Zatka,18.470100012991868,73.83046821403296,Indian Restaurant
779,Vadgaon Budruk        ,18.471618,73.827214,Shorba,18.47035185834972,73.8237805901955,BBQ Joint
780,Vadgaon Sheri        ,18.557648,73.926188,Purepur Kolhapur,18.558791887045818,73.92837287327443,Indian Restaurant
781,Vadgaon Sheri        ,18.557648,73.926188,Mehfil Restobar,18.558595776557922,73.9279568195343,Bar
782,Vadgaon Sheri        ,18.557648,73.926188,Sudama Bhel,18.559669214205375,73.92846472556845,Fast Food Restaurant
783,Vadgaon Sheri        ,18.557648,73.926188,Arafa hotel kharadi,18.56023153179581,73.92795953741349,Diner
784,Vadgaon Sheri        ,18.557648,73.926188,Inorbit Pune,18.561116019448978,73.9266678571758,Plaza
785,Vidyanagar          ,18.576710000000002,73.890684,Reddys Vadapav Center,18.57444190979004,73.8924331665039,Breakfast Spot
786,Vidyanagar          ,18.576710000000002,73.890684,Anup Bakery,18.574173826223078,73.89064087616383,Bakery
787,Vidyanagar          ,18.576710000000002,73.890684,Chai Tapri,18.573927876270773,73.88949823834253,Food Truck
788,Vidyanagar          ,18.576710000000002,73.890684,Kandi's Tea Stall,18.574400009759707,73.89311561156217,Tea Room
789,Viman nagar        ,18.567929,73.91431800000001,Perks 'N' Brews,18.567873223093553,73.91476633604545,Coffee Shop
790,Viman nagar        ,18.567929,73.91431800000001,Chopsticks Spice Malabar,18.565244525751083,73.91311556130246,Southern / Soul Food Restaurant
791,Viman nagar        ,18.567929,73.91431800000001,Natural Ice Cream,18.567612332430592,73.91774758728404,Ice Cream Shop
792,Viman nagar        ,18.567929,73.91431800000001,Chopsticks,18.56522788197092,73.91317943463237,Indian Restaurant
793,Viman nagar        ,18.567929,73.91431800000001,Khalsa Dairy,18.56518320770147,73.91446787254112,Cheese Shop
794,Viman nagar        ,18.567929,73.91431800000001,Where Else,18.565310951730662,73.91397691821118,Café
795,Viman nagar        ,18.567929,73.91431800000001,Atmosphere 6,18.56548338519069,73.91374964689592,Lounge
796,Viman nagar        ,18.567929,73.91431800000001,Sujata Mastani,18.565399540578944,73.91516865415437,Dessert Shop
797,Viman nagar        ,18.567929,73.91431800000001,Madras Cafe,18.566957555331907,73.91415246621968,South Indian Restaurant
798,Viman nagar        ,18.567929,73.91431800000001,Fun Fitness Football Ground,18.56746517121312,73.9158174041283,Soccer Field
799,Viman nagar        ,18.567929,73.91431800000001,Baskin-Robbins,18.5650468595635,73.91292958895905,Ice Cream Shop
800,Viman nagar        ,18.567929,73.91431800000001,Khalsa Sweet Shop,18.565203394109503,73.91499850696049,Dessert Shop
801,Viman nagar        ,18.567929,73.91431800000001,Joggers' Park,18.566624600222337,73.91690641533792,Park
802,Viman nagar        ,18.567929,73.91431800000001,Venkys Xprs,18.564938371229182,73.91410260849902,Fried Chicken Joint
803,Viman nagar        ,18.567929,73.91431800000001,Chang's,18.564735054113928,73.91407399033258,Chinese Restaurant
804,Viman nagar        ,18.567929,73.91431800000001,Faaso's,18.565164632966656,73.91339778900146,Fast Food Restaurant
805,Viman nagar        ,18.567929,73.91431800000001,Daiwong,18.566383468753777,73.91402041881037,Chinese Restaurant
806,Viman nagar        ,18.567929,73.91431800000001,Double Roti,18.565255,73.913822,Burger Joint
807,Viman nagar        ,18.567929,73.91431800000001,Sweet Chariot,18.565049808853868,73.916055400334,Bakery
808,Viman nagar        ,18.567929,73.91431800000001,Janaabs,18.565200690149513,73.9127056810229,Indian Restaurant
809,Viman nagar        ,18.567929,73.91431800000001,Mogaa Paratha,18.56514326589118,73.91198735019748,Indian Restaurant
810,Viman nagar        ,18.567929,73.91431800000001,Scribble Bar & Cafe,18.565488,73.914043,Café
811,Viman nagar        ,18.567929,73.91431800000001,Nukkad Cafe,18.56564264723514,73.91280770301819,Café
812,Viman nagar        ,18.567929,73.91431800000001,Maruti Fresh,18.568139,73.910742,Fruit & Vegetable Store
813,Viman nagar        ,18.567929,73.91431800000001,Tawa Street,18.564901,73.91636,Indian Restaurant
814,Vishrantwadi          ,18.572605,73.878208,Shoppers Orbit,18.570341721265248,73.87850790366784,Shopping Mall
815,Vishrantwadi          ,18.572605,73.878208,Domino's Pizza,18.570221831026505,73.87869165517397,Pizza Place
816,Vishrantwadi          ,18.572605,73.878208,Vishrantwadi Choupati,18.57214013103386,73.87842751232242,Snack Place
817,Vishrantwadi          ,18.572605,73.878208,Cookys,18.57322556391117,73.87851364590554,Pizza Place
818,Vishrantwadi          ,18.572605,73.878208,Soul Handi,18.570200822848673,73.8786124123557,Indian Restaurant
819,Vishrantwadi          ,18.572605,73.878208,Premlok Plaza,18.5754263896364,73.87657642364502,Shopping Mall
820,Vishrantwadi          ,18.572605,73.878208,Banana Leaf,18.575633108893097,73.87630631732631,Indian Restaurant
821,Wakad          ,18.600723000000002,73.76656700000001,Terrace Garden,18.59942327819691,73.7670352499003,Park
822,Wakad          ,18.600723000000002,73.76656700000001,Hotel Jalsa,18.598985003705298,73.7638308184415,Indian Restaurant
823,Wakad          ,18.600723000000002,73.76656700000001,Manthan Sweets,18.602304091419526,73.7637101615848,Dessert Shop
824,Wakad          ,18.600723000000002,73.76656700000001,Jalsaa Restaurant,18.5989568,73.7638029,Multicuisine Indian Restaurant
825,Wakad          ,18.600723000000002,73.76656700000001,Gym @ Apostrophe,18.602729830378387,73.76362397807122,Gym
826,Warje          ,18.484009,73.7941,CCD warje,18.487388147978965,73.79514742841818,Coffee Shop
827,Warje          ,18.484009,73.7941,Domino's Pizza,18.48729144257236,73.79528530025209,Pizza Place
828,Yerwada T.S.        ,18.544835,73.877854,Poonam Pork Products,18.54436963249938,73.87836089429122,Deli / Bodega
829,Yerwada T.S.        ,18.544835,73.877854,Reddy's Fast Food,18.54433207442266,73.87837624976845,Fast Food Restaurant
830,Yerwada T.S.        ,18.544835,73.877854,Pocha Lounge @ Boat Club,18.54417092038057,73.88081626965692,Lounge
831,Yerwada T.S.        ,18.544835,73.877854,Siemens,18.546221654431484,73.8751027270817,Electronics Store
832,Yerwada          ,18.560945999999998,73.88306999999999,Cafe Coffee Day,18.56395503616254,73.88407320145299,Coffee Shop
